tag,adm_tech,dip_tech,mil_tech,technology_tier,embraced_institutions,treasury,inflation,stability,prestige,corruption,legitimacy_or_tradition,manpower,sailors,army_quality_tier,navy_quality_tier,economic_tier,infrastructure_tier,source,verification_notes
AFG,5,5,5,1,,600,0,-1,0,5,50,30000,0,1,0,1,1,generated:country-and-province-2000-foundation,Size-tier treasury and development-derived reserves rebalanced for the EU4 2K province model; manual historical verification pending.
AGL,6,6,6,2,,600,0,0,0,0,60,23250,1250,2,2,2,2,generated:country-and-province-2000-foundation,Size-tier treasury and development-derived reserves rebalanced for the EU4 2K province model; manual historical verification pending.
ALB,8,8,8,4,,600,0,0,0,0,60,6750,1050,4,4,4,4,generated:country-and-province-2000-foundation,Size-tier treasury and development-derived reserves rebalanced for the EU4 2K province model; manual historical verification pending.
ALG,7,7,7,3,,200,0,0,0,0,60,63000,1800,3,3,3,3,generated:country-and-province-2000-foundation,Size-tier treasury and development-derived reserves rebalanced for the EU4 2K province model; manual historical verification pending.
ANB,7,7,7,3,,600,0,0,0,0,60,1000,300,3,3,3,3,generated:country-and-province-2000-foundation,Size-tier treasury and development-derived reserves rebalanced for the EU4 2K province model; manual historical verification pending.
ARM,7,7,7,3,,600,0,0,0,0,60,3750,0,3,0,3,3,generated:country-and-province-2000-foundation,Size-tier treasury and development-derived reserves rebalanced for the EU4 2K province model; manual historical verification pending.
AUS,9,9,9,5,,50,0,0,0,0,60,121500,15600,5,5,5,5,generated:country-and-province-2000-foundation,Size-tier treasury and development-derived reserves rebalanced for the EU4 2K province model; manual historical verification pending.
AZE,7,7,7,3,,600,0,0,0,0,60,14250,0,3,0,3,3,generated:country-and-province-2000-foundation,Size-tier treasury and development-derived reserves rebalanced for the EU4 2K province model; manual historical verification pending.
BBD,7,7,7,3,,600,0,0,0,0,60,1000,300,3,3,3,3,generated:country-and-province-2000-foundation,Size-tier treasury and development-derived reserves rebalanced for the EU4 2K province model; manual historical verification pending.
BEI,8,8,8,4,,600,0,0,0,0,60,3000,350,4,4,4,4,generated:country-and-province-2000-foundation,Size-tier treasury and development-derived reserves rebalanced for the EU4 2K province model; manual historical verification pending.
BEL,9,9,9,5,,200,0,0,0,0,60,42000,800,5,5,5,5,generated:country-and-province-2000-foundation,Size-tier treasury and development-derived reserves rebalanced for the EU4 2K province model; manual historical verification pending.
BEN,6,6,6,2,,600,0,0,0,0,60,3750,250,2,2,2,2,generated:country-and-province-2000-foundation,Size-tier treasury and development-derived reserves rebalanced for the EU4 2K province model; manual historical verification pending.
BFA,6,6,6,2,,600,0,0,0,0,60,8250,0,2,0,2,2,generated:country-and-province-2000-foundation,Size-tier treasury and development-derived reserves rebalanced for the EU4 2K province model; manual historical verification pending.
BGD,7,7,7,3,,200,0,0,0,0,60,57750,900,3,3,3,3,generated:country-and-province-2000-foundation,Size-tier treasury and development-derived reserves rebalanced for the EU4 2K province model; manual historical verification pending.
BHE,8,8,8,4,,600,0,0,0,0,60,9750,0,4,0,4,4,generated:country-and-province-2000-foundation,Size-tier treasury and development-derived reserves rebalanced for the EU4 2K province model; manual historical verification pending.
BHM,7,7,7,3,,600,0,0,0,0,60,2250,300,3,3,3,3,generated:country-and-province-2000-foundation,Size-tier treasury and development-derived reserves rebalanced for the EU4 2K province model; manual historical verification pending.
BHR,7,7,7,3,,600,0,0,0,0,60,3000,300,3,3,3,3,generated:country-and-province-2000-foundation,Size-tier treasury and development-derived reserves rebalanced for the EU4 2K province model; manual historical verification pending.
BHU,7,7,7,3,,600,0,0,0,0,60,1500,0,3,0,3,3,generated:country-and-province-2000-foundation,Size-tier treasury and development-derived reserves rebalanced for the EU4 2K province model; manual historical verification pending.
BLR,7,7,7,3,,600,0,0,0,0,60,18750,0,3,0,3,3,generated:country-and-province-2000-foundation,Size-tier treasury and development-derived reserves rebalanced for the EU4 2K province model; manual historical verification pending.
BLZ,7,7,7,3,,600,0,0,0,0,60,1500,600,3,3,3,3,generated:country-and-province-2000-foundation,Size-tier treasury and development-derived reserves rebalanced for the EU4 2K province model; manual historical verification pending.
BOL,7,7,7,3,,600,0,0,0,0,60,15000,0,3,0,3,3,generated:country-and-province-2000-foundation,Size-tier treasury and development-derived reserves rebalanced for the EU4 2K province model; manual historical verification pending.
BOT,6,6,6,2,,600,0,0,0,0,60,6750,0,2,0,2,2,generated:country-and-province-2000-foundation,Size-tier treasury and development-derived reserves rebalanced for the EU4 2K province model; manual historical verification pending.
BRZ,7,7,7,3,,50,0,0,0,0,60,279000,7800,3,3,3,3,generated:country-and-province-2000-foundation,Size-tier treasury and development-derived reserves rebalanced for the EU4 2K province model; manual historical verification pending.
BUL,8,8,8,4,,600,0,0,0,0,60,16500,1050,4,4,4,4,generated:country-and-province-2000-foundation,Size-tier treasury and development-derived reserves rebalanced for the EU4 2K province model; manual historical verification pending.
BUU,5,5,5,1,,600,0,-1,0,5,50,3000,0,1,0,1,1,generated:country-and-province-2000-foundation,Size-tier treasury and development-derived reserves rebalanced for the EU4 2K province model; manual historical verification pending.
CAF,6,6,6,2,,600,0,0,0,0,60,4500,0,2,0,2,2,generated:country-and-province-2000-foundation,Size-tier treasury and development-derived reserves rebalanced for the EU4 2K province model; manual historical verification pending.
CAN,9,9,9,5,,50,0,0,0,0,60,169500,19200,5,5,5,5,generated:country-and-province-2000-foundation,Size-tier treasury and development-derived reserves rebalanced for the EU4 2K province model; manual historical verification pending.
CDD,6,6,6,2,,600,0,0,0,0,60,9000,0,2,0,2,2,generated:country-and-province-2000-foundation,Size-tier treasury and development-derived reserves rebalanced for the EU4 2K province model; manual historical verification pending.
CHL,7,7,7,3,,200,0,0,0,0,60,41250,3900,3,3,3,3,generated:country-and-province-2000-foundation,Size-tier treasury and development-derived reserves rebalanced for the EU4 2K province model; manual historical verification pending.
CHN,8,8,8,4,,50,0,0,0,0,60,1284000,11550,4,4,4,4,generated:country-and-province-2000-foundation,Size-tier treasury and development-derived reserves rebalanced for the EU4 2K province model; manual historical verification pending.
CMO,6,6,6,2,,600,0,0,0,0,60,1000,250,2,2,2,2,generated:country-and-province-2000-foundation,Size-tier treasury and development-derived reserves rebalanced for the EU4 2K province model; manual historical verification pending.
CMR,6,6,6,2,,600,0,0,0,0,60,8250,500,2,2,2,2,generated:country-and-province-2000-foundation,Size-tier treasury and development-derived reserves rebalanced for the EU4 2K province model; manual historical verification pending.
CNG,6,6,6,2,,600,0,0,0,0,60,5250,250,2,2,2,2,generated:country-and-province-2000-foundation,Size-tier treasury and development-derived reserves rebalanced for the EU4 2K province model; manual historical verification pending.
COL,7,7,7,3,,200,0,0,0,0,60,71250,2400,3,3,3,3,generated:country-and-province-2000-foundation,Size-tier treasury and development-derived reserves rebalanced for the EU4 2K province model; manual historical verification pending.
COS,7,7,7,3,,600,0,0,0,0,60,9000,900,3,3,3,3,generated:country-and-province-2000-foundation,Size-tier treasury and development-derived reserves rebalanced for the EU4 2K province model; manual historical verification pending.
CPV,6,6,6,2,,600,0,0,0,0,60,1000,250,2,2,2,2,generated:country-and-province-2000-foundation,Size-tier treasury and development-derived reserves rebalanced for the EU4 2K province model; manual historical verification pending.
CRO,8,8,8,4,,600,0,0,0,0,60,15750,2100,4,4,4,4,generated:country-and-province-2000-foundation,Size-tier treasury and development-derived reserves rebalanced for the EU4 2K province model; manual historical verification pending.
CUB,7,7,7,3,,600,0,0,0,0,60,27750,2700,3,3,3,3,generated:country-and-province-2000-foundation,Size-tier treasury and development-derived reserves rebalanced for the EU4 2K province model; manual historical verification pending.
CYP,8,8,8,4,,600,0,0,0,0,60,2250,350,4,4,4,4,generated:country-and-province-2000-foundation,Size-tier treasury and development-derived reserves rebalanced for the EU4 2K province model; manual historical verification pending.
CZE,8,8,8,4,,200,0,0,0,0,60,35250,0,4,0,4,4,generated:country-and-province-2000-foundation,Size-tier treasury and development-derived reserves rebalanced for the EU4 2K province model; manual historical verification pending.
DAN,9,9,9,5,,600,0,0,0,0,60,27000,5600,5,5,5,5,generated:country-and-province-2000-foundation,Size-tier treasury and development-derived reserves rebalanced for the EU4 2K province model; manual historical verification pending.
DGL,8,8,8,4,,600,0,0,0,0,60,1000,350,4,4,4,4,generated:country-and-province-2000-foundation,Size-tier treasury and development-derived reserves rebalanced for the EU4 2K province model; manual historical verification pending.
DJI,7,7,7,3,,600,0,0,0,0,60,1000,300,3,3,3,3,generated:country-and-province-2000-foundation,Size-tier treasury and development-derived reserves rebalanced for the EU4 2K province model; manual historical verification pending.
DMN,7,7,7,3,,600,0,0,0,0,60,1000,300,3,3,3,3,generated:country-and-province-2000-foundation,Size-tier treasury and development-derived reserves rebalanced for the EU4 2K province model; manual historical verification pending.
DOM,7,7,7,3,,600,0,0,0,0,60,15750,1500,3,3,3,3,generated:country-and-province-2000-foundation,Size-tier treasury and development-derived reserves rebalanced for the EU4 2K province model; manual historical verification pending.
DRC,5,5,5,1,,600,0,-1,0,5,50,21750,200,1,1,1,1,generated:country-and-province-2000-foundation,Size-tier treasury and development-derived reserves rebalanced for the EU4 2K province model; manual historical verification pending.
ECU,7,7,7,3,,600,0,0,0,0,60,21000,900,3,3,3,3,generated:country-and-province-2000-foundation,Size-tier treasury and development-derived reserves rebalanced for the EU4 2K province model; manual historical verification pending.
EGY,7,7,7,3,,200,0,0,0,0,60,109500,3300,3,3,3,3,generated:country-and-province-2000-foundation,Size-tier treasury and development-derived reserves rebalanced for the EU4 2K province model; manual historical verification pending.
ELS,7,7,7,3,,600,0,0,0,0,60,7500,300,3,3,3,3,generated:country-and-province-2000-foundation,Size-tier treasury and development-derived reserves rebalanced for the EU4 2K province model; manual historical verification pending.
EQG,6,6,6,2,,600,0,0,0,0,60,3000,500,2,2,2,2,generated:country-and-province-2000-foundation,Size-tier treasury and development-derived reserves rebalanced for the EU4 2K province model; manual historical verification pending.
ERT,6,6,6,2,,600,0,0,0,0,60,5250,750,2,2,2,2,generated:country-and-province-2000-foundation,Size-tier treasury and development-derived reserves rebalanced for the EU4 2K province model; manual historical verification pending.
EST,7,7,7,3,,600,0,0,0,0,60,6000,1200,3,3,3,3,generated:country-and-province-2000-foundation,Size-tier treasury and development-derived reserves rebalanced for the EU4 2K province model; manual historical verification pending.
ETH,6,6,6,2,,200,0,0,0,0,60,48000,0,2,0,2,2,generated:country-and-province-2000-foundation,Size-tier treasury and development-derived reserves rebalanced for the EU4 2K province model; manual historical verification pending.
FIN,9,9,9,5,,600,0,0,0,0,60,26250,2000,5,5,5,5,generated:country-and-province-2000-foundation,Size-tier treasury and development-derived reserves rebalanced for the EU4 2K province model; manual historical verification pending.
FR2,9,9,9,5,,50,0,0,0,0,60,252750,11600,5,5,5,5,generated:country-and-province-2000-foundation,Size-tier treasury and development-derived reserves rebalanced for the EU4 2K province model; manual historical verification pending.
FRM,8,8,8,4,,200,0,0,0,0,60,48750,1400,4,4,4,4,generated:country-and-province-2000-foundation,Size-tier treasury and development-derived reserves rebalanced for the EU4 2K province model; manual historical verification pending.
GAB,6,6,6,2,,600,0,0,0,0,60,4500,500,2,2,2,2,generated:country-and-province-2000-foundation,Size-tier treasury and development-derived reserves rebalanced for the EU4 2K province model; manual historical verification pending.
GBI,6,6,6,2,,600,0,0,0,0,60,1500,250,2,2,2,2,generated:country-and-province-2000-foundation,Size-tier treasury and development-derived reserves rebalanced for the EU4 2K province model; manual historical verification pending.
GBR,9,9,9,5,,50,0,0,0,0,60,250500,19200,5,5,5,5,generated:country-and-province-2000-foundation,Size-tier treasury and development-derived reserves rebalanced for the EU4 2K province model; manual historical verification pending.
GEO,7,7,7,3,,600,0,0,0,0,60,10500,600,3,3,3,3,generated:country-and-province-2000-foundation,Size-tier treasury and development-derived reserves rebalanced for the EU4 2K province model; manual historical verification pending.
GER,9,9,9,5,,50,0,0,0,0,60,361500,6000,5,5,5,5,generated:country-and-province-2000-foundation,Size-tier treasury and development-derived reserves rebalanced for the EU4 2K province model; manual historical verification pending.
GHA,6,6,6,2,,600,0,0,0,0,60,10500,500,2,2,2,2,generated:country-and-province-2000-foundation,Size-tier treasury and development-derived reserves rebalanced for the EU4 2K province model; manual historical verification pending.
GMB,8,8,8,4,,600,0,0,0,0,60,1000,350,4,4,4,4,generated:country-and-province-2000-foundation,Size-tier treasury and development-derived reserves rebalanced for the EU4 2K province model; manual historical verification pending.
GRE,8,8,8,4,,200,0,0,0,0,60,35250,6300,4,4,4,4,generated:country-and-province-2000-foundation,Size-tier treasury and development-derived reserves rebalanced for the EU4 2K province model; manual historical verification pending.
GRN,7,7,7,3,,600,0,0,0,0,60,1000,300,3,3,3,3,generated:country-and-province-2000-foundation,Size-tier treasury and development-derived reserves rebalanced for the EU4 2K province model; manual historical verification pending.
GTM,7,7,7,3,,600,0,0,0,0,60,6750,900,3,3,3,3,generated:country-and-province-2000-foundation,Size-tier treasury and development-derived reserves rebalanced for the EU4 2K province model; manual historical verification pending.
GUI,6,6,6,2,,600,0,0,0,0,60,5250,250,2,2,2,2,generated:country-and-province-2000-foundation,Size-tier treasury and development-derived reserves rebalanced for the EU4 2K province model; manual historical verification pending.
GYA,7,7,7,3,,600,0,0,0,0,60,2250,600,3,3,3,3,generated:country-and-province-2000-foundation,Size-tier treasury and development-derived reserves rebalanced for the EU4 2K province model; manual historical verification pending.
GZI,6,6,6,2,,600,0,-1,0,5,50,7500,0,2,0,2,2,generated:country-and-province-2000-foundation,Size-tier treasury and development-derived reserves rebalanced for the EU4 2K province model; manual historical verification pending.
HAB,9,9,9,5,,200,0,0,0,0,60,39000,0,5,0,5,5,generated:country-and-province-2000-foundation,Size-tier treasury and development-derived reserves rebalanced for the EU4 2K province model; manual historical verification pending.
HAT,7,7,7,3,,600,0,0,0,0,60,3000,1200,3,3,3,3,generated:country-and-province-2000-foundation,Size-tier treasury and development-derived reserves rebalanced for the EU4 2K province model; manual historical verification pending.
HON,7,7,7,3,,600,0,0,0,0,60,6000,1200,3,3,3,3,generated:country-and-province-2000-foundation,Size-tier treasury and development-derived reserves rebalanced for the EU4 2K province model; manual historical verification pending.
HUN,8,8,8,4,,600,0,0,0,0,60,26250,0,4,0,4,4,generated:country-and-province-2000-foundation,Size-tier treasury and development-derived reserves rebalanced for the EU4 2K province model; manual historical verification pending.
ICE,8,8,8,4,,600,0,0,0,0,60,3000,1050,4,4,4,4,generated:country-and-province-2000-foundation,Size-tier treasury and development-derived reserves rebalanced for the EU4 2K province model; manual historical verification pending.
IDN,7,7,7,3,,50,0,0,0,0,60,298500,27600,3,3,3,3,generated:country-and-province-2000-foundation,Size-tier treasury and development-derived reserves rebalanced for the EU4 2K province model; manual historical verification pending.
INI,7,7,7,3,,50,0,0,0,0,60,859500,12900,3,3,3,3,generated:country-and-province-2000-foundation,Size-tier treasury and development-derived reserves rebalanced for the EU4 2K province model; manual historical verification pending.
IRA,7,7,7,3,,50,0,0,0,0,60,138000,2400,3,3,3,3,generated:country-and-province-2000-foundation,Size-tier treasury and development-derived reserves rebalanced for the EU4 2K province model; manual historical verification pending.
IRE,8,8,8,4,,600,0,0,0,0,60,26250,3150,4,4,4,4,generated:country-and-province-2000-foundation,Size-tier treasury and development-derived reserves rebalanced for the EU4 2K province model; manual historical verification pending.
IRQ,7,7,7,3,,200,0,-1,0,5,50,57750,300,3,3,3,3,generated:country-and-province-2000-foundation,Size-tier treasury and development-derived reserves rebalanced for the EU4 2K province model; manual historical verification pending.
ISR,8,8,8,4,,600,0,0,0,0,60,22500,1050,4,4,4,4,generated:country-and-province-2000-foundation,Size-tier treasury and development-derived reserves rebalanced for the EU4 2K province model; manual historical verification pending.
ITA,8,8,8,4,,50,0,0,0,0,60,198000,11900,4,4,4,4,generated:country-and-province-2000-foundation,Size-tier treasury and development-derived reserves rebalanced for the EU4 2K province model; manual historical verification pending.
IVO,6,6,6,2,,600,0,0,0,0,60,7500,500,2,2,2,2,generated:country-and-province-2000-foundation,Size-tier treasury and development-derived reserves rebalanced for the EU4 2K province model; manual historical verification pending.
JAI,8,8,8,4,,600,0,0,0,0,60,1500,350,4,4,4,4,generated:country-and-province-2000-foundation,Size-tier treasury and development-derived reserves rebalanced for the EU4 2K province model; manual historical verification pending.
JAP,9,9,9,5,,50,0,0,0,0,60,330750,16400,5,5,5,5,generated:country-and-province-2000-foundation,Size-tier treasury and development-derived reserves rebalanced for the EU4 2K province model; manual historical verification pending.
JMC,7,7,7,3,,600,0,0,0,0,60,2250,300,3,3,3,3,generated:country-and-province-2000-foundation,Size-tier treasury and development-derived reserves rebalanced for the EU4 2K province model; manual historical verification pending.
JOR,7,7,7,3,,600,0,0,0,0,60,5250,300,3,3,3,3,generated:country-and-province-2000-foundation,Size-tier treasury and development-derived reserves rebalanced for the EU4 2K province model; manual historical verification pending.
KEY,6,6,6,2,,600,0,0,0,0,60,14250,1000,2,2,2,2,generated:country-and-province-2000-foundation,Size-tier treasury and development-derived reserves rebalanced for the EU4 2K province model; manual historical verification pending.
KHA,8,8,8,4,,600,0,0,0,0,60,35250,0,4,0,4,4,generated:country-and-province-2000-foundation,Size-tier treasury and development-derived reserves rebalanced for the EU4 2K province model; manual historical verification pending.
KHM,7,7,7,3,,600,0,0,0,0,60,14250,600,3,3,3,3,generated:country-and-province-2000-foundation,Size-tier treasury and development-derived reserves rebalanced for the EU4 2K province model; manual historical verification pending.
KIR,7,7,7,3,,600,0,0,0,0,60,2250,900,3,3,3,3,generated:country-and-province-2000-foundation,Size-tier treasury and development-derived reserves rebalanced for the EU4 2K province model; manual historical verification pending.
KUW,7,7,7,3,,600,0,0,0,0,60,11250,300,3,3,3,3,generated:country-and-province-2000-foundation,Size-tier treasury and development-derived reserves rebalanced for the EU4 2K province model; manual historical verification pending.
KYR,7,7,7,3,,600,0,0,0,0,60,8250,0,3,0,3,3,generated:country-and-province-2000-foundation,Size-tier treasury and development-derived reserves rebalanced for the EU4 2K province model; manual historical verification pending.
KZK,7,7,7,3,,200,0,0,0,0,60,52500,0,3,0,3,3,generated:country-and-province-2000-foundation,Size-tier treasury and development-derived reserves rebalanced for the EU4 2K province model; manual historical verification pending.
LAO,7,7,7,3,,600,0,0,0,0,60,15750,0,3,0,3,3,generated:country-and-province-2000-foundation,Size-tier treasury and development-derived reserves rebalanced for the EU4 2K province model; manual historical verification pending.
LAP,7,7,7,3,,200,0,0,0,0,60,93750,2700,3,3,3,3,generated:country-and-province-2000-foundation,Size-tier treasury and development-derived reserves rebalanced for the EU4 2K province model; manual historical verification pending.
LBR,5,5,5,1,,600,0,-1,0,5,50,1500,400,1,1,1,1,generated:country-and-province-2000-foundation,Size-tier treasury and development-derived reserves rebalanced for the EU4 2K province model; manual historical verification pending.
LBY,7,7,7,3,,600,0,0,0,0,60,12750,2100,3,3,3,3,generated:country-and-province-2000-foundation,Size-tier treasury and development-derived reserves rebalanced for the EU4 2K province model; manual historical verification pending.
LEB,7,7,7,3,,600,0,0,0,0,60,9750,600,3,3,3,3,generated:country-and-province-2000-foundation,Size-tier treasury and development-derived reserves rebalanced for the EU4 2K province model; manual historical verification pending.
LES,6,6,6,2,,600,0,0,0,0,60,1000,0,2,0,2,2,generated:country-and-province-2000-foundation,Size-tier treasury and development-derived reserves rebalanced for the EU4 2K province model; manual historical verification pending.
LIT,7,7,7,3,,600,0,0,0,0,60,12000,300,3,3,3,3,generated:country-and-province-2000-foundation,Size-tier treasury and development-derived reserves rebalanced for the EU4 2K province model; manual historical verification pending.
LTV,7,7,7,3,,600,0,0,0,0,60,5250,900,3,3,3,3,generated:country-and-province-2000-foundation,Size-tier treasury and development-derived reserves rebalanced for the EU4 2K province model; manual historical verification pending.
LUX,8,8,8,4,,600,0,0,0,0,60,6000,0,4,0,4,4,generated:country-and-province-2000-foundation,Size-tier treasury and development-derived reserves rebalanced for the EU4 2K province model; manual historical verification pending.
MAC,8,8,8,4,,600,0,0,0,0,60,6000,0,4,0,4,4,generated:country-and-province-2000-foundation,Size-tier treasury and development-derived reserves rebalanced for the EU4 2K province model; manual historical verification pending.
MAL,6,6,6,2,,600,0,0,0,0,60,19500,0,2,0,2,2,generated:country-and-province-2000-foundation,Size-tier treasury and development-derived reserves rebalanced for the EU4 2K province model; manual historical verification pending.
MDG,6,6,6,2,,600,0,0,0,0,60,17250,2750,2,2,2,2,generated:country-and-province-2000-foundation,Size-tier treasury and development-derived reserves rebalanced for the EU4 2K province model; manual historical verification pending.
MDV,7,7,7,3,,600,0,0,0,0,60,2250,0,3,0,3,3,generated:country-and-province-2000-foundation,Size-tier treasury and development-derived reserves rebalanced for the EU4 2K province model; manual historical verification pending.
MEX,7,7,7,3,,50,0,0,0,0,60,207000,11700,3,3,3,3,generated:country-and-province-2000-foundation,Size-tier treasury and development-derived reserves rebalanced for the EU4 2K province model; manual historical verification pending.
MIC,7,7,7,3,,600,0,0,0,0,60,1000,300,3,3,3,3,generated:country-and-province-2000-foundation,Size-tier treasury and development-derived reserves rebalanced for the EU4 2K province model; manual historical verification pending.
MLA,7,7,7,3,,200,0,0,0,0,60,87750,4500,3,3,3,3,generated:country-and-province-2000-foundation,Size-tier treasury and development-derived reserves rebalanced for the EU4 2K province model; manual historical verification pending.
MNM,7,7,7,3,,200,0,0,0,0,60,54000,2700,3,3,3,3,generated:country-and-province-2000-foundation,Size-tier treasury and development-derived reserves rebalanced for the EU4 2K province model; manual historical verification pending.
MOR,7,7,7,3,,200,0,0,0,0,60,27000,4200,3,3,3,3,generated:country-and-province-2000-foundation,Size-tier treasury and development-derived reserves rebalanced for the EU4 2K province model; manual historical verification pending.
MRS,7,7,7,3,,600,0,0,0,0,60,1000,300,3,3,3,3,generated:country-and-province-2000-foundation,Size-tier treasury and development-derived reserves rebalanced for the EU4 2K province model; manual historical verification pending.
MRT,7,7,7,3,,600,0,0,0,0,60,6750,600,3,3,3,3,generated:country-and-province-2000-foundation,Size-tier treasury and development-derived reserves rebalanced for the EU4 2K province model; manual historical verification pending.
MTU,6,6,6,2,,600,0,0,0,0,60,2250,250,2,2,2,2,generated:country-and-province-2000-foundation,Size-tier treasury and development-derived reserves rebalanced for the EU4 2K province model; manual historical verification pending.
MWI,6,6,6,2,,600,0,0,0,0,60,6000,0,2,0,2,2,generated:country-and-province-2000-foundation,Size-tier treasury and development-derived reserves rebalanced for the EU4 2K province model; manual historical verification pending.
MZM,6,6,6,2,,600,0,0,0,0,60,16500,2000,2,2,2,2,generated:country-and-province-2000-foundation,Size-tier treasury and development-derived reserves rebalanced for the EU4 2K province model; manual historical verification pending.
NAU,7,7,7,3,,600,0,0,0,0,60,1000,300,3,3,3,3,generated:country-and-province-2000-foundation,Size-tier treasury and development-derived reserves rebalanced for the EU4 2K province model; manual historical verification pending.
NCR,7,7,7,3,,600,0,0,0,0,60,4500,1200,3,3,3,3,generated:country-and-province-2000-foundation,Size-tier treasury and development-derived reserves rebalanced for the EU4 2K province model; manual historical verification pending.
NED,9,9,9,5,,200,0,0,0,0,60,60000,4400,5,5,5,5,generated:country-and-province-2000-foundation,Size-tier treasury and development-derived reserves rebalanced for the EU4 2K province model; manual historical verification pending.
NGR,6,6,6,2,,600,0,0,0,0,60,12750,0,2,0,2,2,generated:country-and-province-2000-foundation,Size-tier treasury and development-derived reserves rebalanced for the EU4 2K province model; manual historical verification pending.
NIG,6,6,6,2,,50,0,0,0,0,60,117750,1250,2,2,2,2,generated:country-and-province-2000-foundation,Size-tier treasury and development-derived reserves rebalanced for the EU4 2K province model; manual historical verification pending.
NMB,6,6,6,2,,600,0,0,0,0,60,6000,500,2,2,2,2,generated:country-and-province-2000-foundation,Size-tier treasury and development-derived reserves rebalanced for the EU4 2K province model; manual historical verification pending.
NOK,7,7,7,3,,600,0,0,0,0,60,9750,2100,3,3,3,3,generated:country-and-province-2000-foundation,Size-tier treasury and development-derived reserves rebalanced for the EU4 2K province model; manual historical verification pending.
NOR,9,9,9,5,,200,0,0,0,0,60,25500,4000,5,5,5,5,generated:country-and-province-2000-foundation,Size-tier treasury and development-derived reserves rebalanced for the EU4 2K province model; manual historical verification pending.
NPL,7,7,7,3,,600,0,0,0,0,60,9750,0,3,0,3,3,generated:country-and-province-2000-foundation,Size-tier treasury and development-derived reserves rebalanced for the EU4 2K province model; manual historical verification pending.
NZL,9,9,9,5,,600,0,0,0,0,60,17250,6000,5,5,5,5,generated:country-and-province-2000-foundation,Size-tier treasury and development-derived reserves rebalanced for the EU4 2K province model; manual historical verification pending.
OMA,7,7,7,3,,600,0,0,0,0,60,18750,1800,3,3,3,3,generated:country-and-province-2000-foundation,Size-tier treasury and development-derived reserves rebalanced for the EU4 2K province model; manual historical verification pending.
PAK,7,7,7,3,,200,0,0,0,0,60,104250,900,3,3,3,3,generated:country-and-province-2000-foundation,Size-tier treasury and development-derived reserves rebalanced for the EU4 2K province model; manual historical verification pending.
PEU,7,7,7,3,,200,0,0,0,0,60,38250,2700,3,3,3,3,generated:country-and-province-2000-foundation,Size-tier treasury and development-derived reserves rebalanced for the EU4 2K province model; manual historical verification pending.
PHI,7,7,7,3,,200,0,0,0,0,60,82500,6600,3,3,3,3,generated:country-and-province-2000-foundation,Size-tier treasury and development-derived reserves rebalanced for the EU4 2K province model; manual historical verification pending.
PLS,7,7,7,3,,600,0,0,0,0,60,2250,0,3,0,3,3,generated:country-and-province-2000-foundation,Size-tier treasury and development-derived reserves rebalanced for the EU4 2K province model; manual historical verification pending.
PLU,7,7,7,3,,600,0,0,0,0,60,1000,300,3,3,3,3,generated:country-and-province-2000-foundation,Size-tier treasury and development-derived reserves rebalanced for the EU4 2K province model; manual historical verification pending.
PNG,7,7,7,3,,600,0,0,0,0,60,4500,1800,3,3,3,3,generated:country-and-province-2000-foundation,Size-tier treasury and development-derived reserves rebalanced for the EU4 2K province model; manual historical verification pending.
PNM,7,7,7,3,,600,0,0,0,0,60,10500,1200,3,3,3,3,generated:country-and-province-2000-foundation,Size-tier treasury and development-derived reserves rebalanced for the EU4 2K province model; manual historical verification pending.
POL,8,8,8,4,,50,0,0,0,0,60,101250,1750,4,4,4,4,generated:country-and-province-2000-foundation,Size-tier treasury and development-derived reserves rebalanced for the EU4 2K province model; manual historical verification pending.
POR,8,8,8,4,,200,0,0,0,0,60,28500,3150,4,4,4,4,generated:country-and-province-2000-foundation,Size-tier treasury and development-derived reserves rebalanced for the EU4 2K province model; manual historical verification pending.
PRG,8,8,8,4,,600,0,0,0,0,60,7500,0,4,0,4,4,generated:country-and-province-2000-foundation,Size-tier treasury and development-derived reserves rebalanced for the EU4 2K province model; manual historical verification pending.
QTR,7,7,7,3,,600,0,0,0,0,60,11250,300,3,3,3,3,generated:country-and-province-2000-foundation,Size-tier treasury and development-derived reserves rebalanced for the EU4 2K province model; manual historical verification pending.
RMN,8,8,8,4,,200,0,0,0,0,60,47250,350,4,4,4,4,generated:country-and-province-2000-foundation,Size-tier treasury and development-derived reserves rebalanced for the EU4 2K province model; manual historical verification pending.
RSA,6,6,6,2,,200,0,0,0,0,60,72750,1750,2,2,2,2,generated:country-and-province-2000-foundation,Size-tier treasury and development-derived reserves rebalanced for the EU4 2K province model; manual historical verification pending.
RUS,8,8,8,4,,50,0,0,0,0,60,371250,13650,4,4,4,4,generated:country-and-province-2000-foundation,Size-tier treasury and development-derived reserves rebalanced for the EU4 2K province model; manual historical verification pending.
RWA,6,6,6,2,,600,0,-1,0,5,50,2250,0,2,0,2,2,generated:country-and-province-2000-foundation,Size-tier treasury and development-derived reserves rebalanced for the EU4 2K province model; manual historical verification pending.
SAM,7,7,7,3,,600,0,0,0,0,60,1500,300,3,3,3,3,generated:country-and-province-2000-foundation,Size-tier treasury and development-derived reserves rebalanced for the EU4 2K province model; manual historical verification pending.
SAU,7,7,7,3,,50,0,0,0,0,60,105000,2100,3,3,3,3,generated:country-and-province-2000-foundation,Size-tier treasury and development-derived reserves rebalanced for the EU4 2K province model; manual historical verification pending.
SEY,6,6,6,2,,600,0,0,0,0,60,1000,250,2,2,2,2,generated:country-and-province-2000-foundation,Size-tier treasury and development-derived reserves rebalanced for the EU4 2K province model; manual historical verification pending.
SGA,9,9,9,5,,600,0,0,0,0,60,15000,400,5,5,5,5,generated:country-and-province-2000-foundation,Size-tier treasury and development-derived reserves rebalanced for the EU4 2K province model; manual historical verification pending.
SGL,6,6,6,2,,600,0,0,0,0,60,5250,500,2,2,2,2,generated:country-and-province-2000-foundation,Size-tier treasury and development-derived reserves rebalanced for the EU4 2K province model; manual historical verification pending.
SIA,7,7,7,3,,50,0,0,0,0,60,114000,2400,3,3,3,3,generated:country-and-province-2000-foundation,Size-tier treasury and development-derived reserves rebalanced for the EU4 2K province model; manual historical verification pending.
SKN,7,7,7,3,,600,0,0,0,0,60,1000,300,3,3,3,3,generated:country-and-province-2000-foundation,Size-tier treasury and development-derived reserves rebalanced for the EU4 2K province model; manual historical verification pending.
SKO,9,9,9,5,,200,0,0,0,0,60,109500,4000,5,5,5,5,generated:country-and-province-2000-foundation,Size-tier treasury and development-derived reserves rebalanced for the EU4 2K province model; manual historical verification pending.
SLM,7,7,7,3,,600,0,0,0,0,60,1000,300,3,3,3,3,generated:country-and-province-2000-foundation,Size-tier treasury and development-derived reserves rebalanced for the EU4 2K province model; manual historical verification pending.
SLU,7,7,7,3,,600,0,0,0,0,60,1000,300,3,3,3,3,generated:country-and-province-2000-foundation,Size-tier treasury and development-derived reserves rebalanced for the EU4 2K province model; manual historical verification pending.
SOM,5,5,5,1,,600,0,-1,0,5,50,21000,3000,1,1,1,1,generated:country-and-province-2000-foundation,Size-tier treasury and development-derived reserves rebalanced for the EU4 2K province model; manual historical verification pending.
SPA,8,8,8,4,,50,0,0,0,0,60,159000,9450,4,4,4,4,generated:country-and-province-2000-foundation,Size-tier treasury and development-derived reserves rebalanced for the EU4 2K province model; manual historical verification pending.
SRA,6,6,6,2,,600,0,0,0,0,60,2250,500,2,2,2,2,generated:country-and-province-2000-foundation,Size-tier treasury and development-derived reserves rebalanced for the EU4 2K province model; manual historical verification pending.
SRL,7,7,7,3,,600,0,0,0,0,60,25500,1500,3,3,3,3,generated:country-and-province-2000-foundation,Size-tier treasury and development-derived reserves rebalanced for the EU4 2K province model; manual historical verification pending.
SRN,7,7,7,3,,600,0,0,0,0,60,1500,300,3,3,3,3,generated:country-and-province-2000-foundation,Size-tier treasury and development-derived reserves rebalanced for the EU4 2K province model; manual historical verification pending.
STP,6,6,6,2,,600,0,0,0,0,60,1000,250,2,2,2,2,generated:country-and-province-2000-foundation,Size-tier treasury and development-derived reserves rebalanced for the EU4 2K province model; manual historical verification pending.
SUD,7,7,7,3,,600,0,0,0,0,60,29250,300,3,3,3,3,generated:country-and-province-2000-foundation,Size-tier treasury and development-derived reserves rebalanced for the EU4 2K province model; manual historical verification pending.
SVG,7,7,7,3,,600,0,0,0,0,60,2250,300,3,3,3,3,generated:country-and-province-2000-foundation,Size-tier treasury and development-derived reserves rebalanced for the EU4 2K province model; manual historical verification pending.
SVK,8,8,8,4,,600,0,0,0,0,60,17250,0,4,0,4,4,generated:country-and-province-2000-foundation,Size-tier treasury and development-derived reserves rebalanced for the EU4 2K province model; manual historical verification pending.
SVN,8,8,8,4,,600,0,0,0,0,60,6750,350,4,4,4,4,generated:country-and-province-2000-foundation,Size-tier treasury and development-derived reserves rebalanced for the EU4 2K province model; manual historical verification pending.
SWE,9,9,9,5,,200,0,0,0,0,60,44250,4800,5,5,5,5,generated:country-and-province-2000-foundation,Size-tier treasury and development-derived reserves rebalanced for the EU4 2K province model; manual historical verification pending.
SWI,9,9,9,5,,200,0,0,0,0,60,49500,0,5,0,5,5,generated:country-and-province-2000-foundation,Size-tier treasury and development-derived reserves rebalanced for the EU4 2K province model; manual historical verification pending.
SWZ,6,6,6,2,,600,0,0,0,0,60,1500,0,2,0,2,2,generated:country-and-province-2000-foundation,Size-tier treasury and development-derived reserves rebalanced for the EU4 2K province model; manual historical verification pending.
SYR,7,7,7,3,,600,0,0,0,0,60,17250,300,3,3,3,3,generated:country-and-province-2000-foundation,Size-tier treasury and development-derived reserves rebalanced for the EU4 2K province model; manual historical verification pending.
TGO,6,6,6,2,,600,0,0,0,0,60,1500,250,2,2,2,2,generated:country-and-province-2000-foundation,Size-tier treasury and development-derived reserves rebalanced for the EU4 2K province model; manual historical verification pending.
TJK,7,7,7,3,,600,0,-1,0,5,50,6000,0,3,0,3,3,generated:country-and-province-2000-foundation,Size-tier treasury and development-derived reserves rebalanced for the EU4 2K province model; manual historical verification pending.
TKY,7,7,7,3,,50,0,0,0,0,60,163500,5700,3,3,3,3,generated:country-and-province-2000-foundation,Size-tier treasury and development-derived reserves rebalanced for the EU4 2K province model; manual historical verification pending.
TNZ,6,6,6,2,,600,0,0,0,0,60,17250,1500,2,2,2,2,generated:country-and-province-2000-foundation,Size-tier treasury and development-derived reserves rebalanced for the EU4 2K province model; manual historical verification pending.
TOG,7,7,7,3,,600,0,0,0,0,60,1500,300,3,3,3,3,generated:country-and-province-2000-foundation,Size-tier treasury and development-derived reserves rebalanced for the EU4 2K province model; manual historical verification pending.
TRK,7,7,7,3,,600,0,0,0,0,60,10500,0,3,0,3,3,generated:country-and-province-2000-foundation,Size-tier treasury and development-derived reserves rebalanced for the EU4 2K province model; manual historical verification pending.
TRN,8,8,8,4,,600,0,0,0,0,60,5250,350,4,4,4,4,generated:country-and-province-2000-foundation,Size-tier treasury and development-derived reserves rebalanced for the EU4 2K province model; manual historical verification pending.
TUN,7,7,7,3,,600,0,0,0,0,60,8250,1800,3,3,3,3,generated:country-and-province-2000-foundation,Size-tier treasury and development-derived reserves rebalanced for the EU4 2K province model; manual historical verification pending.
TVL,7,7,7,3,,600,0,0,0,0,60,1000,300,3,3,3,3,generated:country-and-province-2000-foundation,Size-tier treasury and development-derived reserves rebalanced for the EU4 2K province model; manual historical verification pending.
UAE,7,7,7,3,,600,0,0,0,0,60,28500,900,3,3,3,3,generated:country-and-province-2000-foundation,Size-tier treasury and development-derived reserves rebalanced for the EU4 2K province model; manual historical verification pending.
UGA,6,6,6,2,,600,0,0,0,0,60,9750,0,2,0,2,2,generated:country-and-province-2000-foundation,Size-tier treasury and development-derived reserves rebalanced for the EU4 2K province model; manual historical verification pending.
UKR,7,7,7,3,,200,0,0,0,0,60,43500,2400,3,3,3,3,generated:country-and-province-2000-foundation,Size-tier treasury and development-derived reserves rebalanced for the EU4 2K province model; manual historical verification pending.
URU,7,7,7,3,,600,0,0,0,0,60,9000,1200,3,3,3,3,generated:country-and-province-2000-foundation,Size-tier treasury and development-derived reserves rebalanced for the EU4 2K province model; manual historical verification pending.
USA,9,9,9,5,,50,0,0,0,0,60,1419000,31200,5,5,5,5,generated:country-and-province-2000-foundation,Size-tier treasury and development-derived reserves rebalanced for the EU4 2K province model; manual historical verification pending.
UZB,7,7,7,3,,600,0,0,0,0,60,24750,0,3,0,3,3,generated:country-and-province-2000-foundation,Size-tier treasury and development-derived reserves rebalanced for the EU4 2K province model; manual historical verification pending.
VIT,7,7,7,3,,600,0,0,0,0,60,2250,900,3,3,3,3,generated:country-and-province-2000-foundation,Size-tier treasury and development-derived reserves rebalanced for the EU4 2K province model; manual historical verification pending.
VNU,7,7,7,3,,600,0,0,0,0,60,1000,300,3,3,3,3,generated:country-and-province-2000-foundation,Size-tier treasury and development-derived reserves rebalanced for the EU4 2K province model; manual historical verification pending.
VNZ,7,7,7,3,,200,0,0,0,0,60,65250,3000,3,3,3,3,generated:country-and-province-2000-foundation,Size-tier treasury and development-derived reserves rebalanced for the EU4 2K province model; manual historical verification pending.
VTN,7,7,7,3,,200,0,0,0,0,60,54750,4200,3,3,3,3,generated:country-and-province-2000-foundation,Size-tier treasury and development-derived reserves rebalanced for the EU4 2K province model; manual historical verification pending.
YEM,7,7,7,3,,600,0,0,0,0,60,21000,2400,3,3,3,3,generated:country-and-province-2000-foundation,Size-tier treasury and development-derived reserves rebalanced for the EU4 2K province model; manual historical verification pending.
YUG,7,7,7,3,,600,0,-1,0,5,50,15750,300,3,3,3,3,generated:country-and-province-2000-foundation,Size-tier treasury and development-derived reserves rebalanced for the EU4 2K province model; manual historical verification pending.
ZAM,6,6,6,2,,600,0,0,0,0,60,7500,0,2,0,2,2,generated:country-and-province-2000-foundation,Size-tier treasury and development-derived reserves rebalanced for the EU4 2K province model; manual historical verification pending.
