tag,active_2000,name,adjective,capital,primary_culture,accepted_cultures,religion,government_model,state_structure,political_competition,government_rank,ruling_group,executive,executive_birth,head_of_state,adm,dip,mil,technology_group,unit_type,graphical_culture,color_r,color_g,color_b,country_definition_source,flag_source,verification_notes
AFG,yes,Afghanistan,Afghan,451,afghani,,sunni,presidential_republic,unitary,closed_authoritarian,2,Independent or nonpartisan,Burhanuddin Rabbani,1940.9.20,Burhanuddin Rabbani,2,5,4,modern_south_asian,indian,muslimgfx,102,128,52,base:countries/Afghanistan.txt,base:gfx/flags/AFG.tga,ET 2000 snapshot; manual verification pending
AGL,yes,Angola,Angolan,1168,mbundu,,catholic,presidential_republic,unitary,multiparty,2,Independent or nonpartisan,José Eduardo dos Santos,1942.8.28,José Eduardo dos Santos,3,2,3,modern_sub_saharan_african,sub_saharan,africangfx,189,140,39,et:countries/Angola.txt,et:gfx/flags/AGL.tga,ET 2000 snapshot; manual verification pending
ALB,yes,Albania,Albanian,4750,albanian,,catholic,parliamentary_republic,unitary,multiparty,2,Socialist Party,Ilir Meta,1969.3.24,Rexhep Meidani,4,3,2,modern_western,western,easterngfx,181,0,20,base:countries/Albania.txt,et:gfx/flags/ALB.tga,Priority-region executive manually audited for 2000.1.1
ALG,yes,Algeria,Algerian,338,algerian,,sunni,presidential_republic,unitary,closed_authoritarian,2,Independent or nonpartisan,Abdelaziz Bouteflika,1937.3.2,Abdelaziz Bouteflika,4,2,3,modern_middle_eastern_north_african,muslim,muslimgfx,230,225,110,base:countries/Algiers.txt,base:gfx/flags/ALG.tga,ET 2000 snapshot; manual verification pending
ANB,yes,Antigua and Barbuda,Antiguan,496,british_caribbean,,protestant,presidential_republic,unitary,multiparty,2,Independent or nonpartisan,Lester Bird,1938.2.21,Lester Bird,3,3,3,modern_latin_american,south_american,westerngfx,149,74,49,et:countries/AntiguaBarbuda.txt,et:gfx/flags/ANB.tga,ET 2000 snapshot; manual verification pending
ARM,yes,Armenia,Armenian,419,armenian,,coptic,semi_presidential_republic,unitary,multiparty,2,Independent,Robert Kocharyan,1954.8.31,Robert Kocharyan,4,3,3,modern_post_soviet,eastern,easterngfx,145,30,75,base:countries/Armenia.txt,et:gfx/flags/ARM.tga,Priority-region executive manually audited for 2000.1.1
AUS,yes,Australia,Australian,4859,british_australian,,protestant,parliamentary_republic,federal,multiparty,2,Independent or nonpartisan,John Howard,1939.7.26,John Howard,4,3,3,modern_western,western,westerngfx,144,60,75,base:countries/Australia.txt,base:gfx/flags/AUS.tga,ET 2000 snapshot; manual verification pending
AZE,yes,Azerbaijan,Azerbaijani,421,azerbaijani,,sunni,semi_presidential_republic,unitary,multiparty,2,New Azerbaijan Party,Heydar Aliyev,1923.5.10,Heydar Aliyev,4,3,3,modern_post_soviet,eastern,muslimgfx,80,20,140,et:countries/Azerbaijan.txt,et:gfx/flags/AZE.tga,Priority-region executive manually audited for 2000.1.1
BBD,yes,Barbados,Barbadian,501,british_caribbean,,protestant,presidential_republic,unitary,multiparty,2,Independent or nonpartisan,Owen Arthur,1949.10.17,Owen Arthur,4,2,2,modern_latin_american,south_american,westerngfx,49,84,169,et:countries/Barbados.txt,et:gfx/flags/BBD.tga,ET 2000 snapshot; manual verification pending
BEI,yes,Brunei,Bruneian,636,malayan,,sunni,presidential_republic,unitary,multiparty,2,Independent or nonpartisan,Hassanal,1946.7.15,Hassanal,5,2,1,modern_western,western,asiangfx,41,89,174,base:countries/Brunei.txt,base:gfx/flags/BEI.tga,ET 2000 snapshot; manual verification pending
BEL,yes,Belgium,Belgian,92,flemish,flemish|wallonian,catholic,parliamentary_monarchy,federal,multiparty,2,Open VLD Coalition,Guy Verhofstadt,1953.4.11,Albert II,4,4,2,modern_western,western,westerngfx,90,90,0,et:countries/Belgium.txt,et:gfx/flags/BEL.tga,Priority-region executive manually audited for 2000.1.1
BEN,yes,Benin,Beninese,1147,fon,,shamanism,presidential_republic,unitary,multiparty,2,Independent or nonpartisan,Mathieu Kérékou,1933.9.2,Mathieu Kérékou,2,3,4,modern_sub_saharan_african,sub_saharan,africangfx,110,173,129,base:countries/Benin.txt,base:gfx/flags/BEN.tga,ET 2000 snapshot; manual verification pending
BFA,yes,Burkina Faso,Burkinabe,1134,mossi,,sunni,presidential_republic,unitary,closed_authoritarian,2,Independent or nonpartisan,Blaise Compaoré,1951.2.3,Blaise Compaoré,4,4,3,modern_sub_saharan_african,sub_saharan,africangfx,19,147,22,et:countries/BurkinaFaso.txt,et:gfx/flags/BFA.tga,ET 2000 snapshot; manual verification pending
BGD,yes,Bangladesh,Bangladeshi,564,bengali,,sunni,parliamentary_republic,unitary,multiparty,2,Awami League,Sheikh Hasina,1947.9.28,Shahabuddin Ahmed,4,3,2,modern_south_asian,indian,indiangfx,78,206,49,et:countries/Bangladesh.txt,et:gfx/flags/BGD.tga,Priority-region executive manually audited for 2000.1.1
BHE,yes,Bosnia and Herzegovina,Bosnian,3002,bosnian,serbian,orthodox,parliamentary_republic,confederal,multiparty,2,Party for Bosnia and Herzegovina,Haris Silajdzic,1945.10.1,Ante Jelavic,3,4,2,modern_western,western,easterngfx,220,147,110,et:countries/BosniaHerzegovina.txt,et:gfx/flags/BHE.tga,Priority-region executive manually audited for 2000.1.1
BHM,yes,Bahamas,Bahamian,482,british_caribbean,,protestant,presidential_republic,unitary,multiparty,2,Independent or nonpartisan,Hubert Ingraham,1947.8.4,Hubert Ingraham,3,3,4,modern_latin_american,south_american,westerngfx,119,184,249,et:countries/Bahama.txt,et:gfx/flags/BHM.tga,ET 2000 snapshot; manual verification pending
BHR,yes,Bahrain,Bahraini,396,gulf_arabic,,sunni,absolute_monarchy,unitary,nonpartisan,2,Independent or nonpartisan,Hamad,1950.1.28,Hamad,3,5,4,modern_middle_eastern_north_african,muslim,muslimgfx,170,80,40,et:countries/Bahrain.txt,et:gfx/flags/BHR.tga,ET 2000 snapshot; manual verification pending
BHU,yes,Bhutan,Bhutanese,565,kochi,,vajrayana,absolute_monarchy,unitary,nonpartisan,2,Independent or nonpartisan,Jigme Singye,1955.11.11,Jigme Singye,3,4,1,modern_south_asian,indian,asiangfx,93,180,76,base:countries/Bhutan.txt,et:gfx/flags/BHU.tga,ET 2000 snapshot; manual verification pending
BLR,yes,Belarus,Belarusian,276,byelorussian,,orthodox,presidential_republic,unitary,closed_authoritarian,2,Independent,Alexander Lukashenko,1954.8.30,Alexander Lukashenko,4,2,3,modern_post_soviet,eastern,easterngfx,166,231,160,et:countries/Belarus.txt,et:gfx/flags/BLR.tga,Priority-region executive manually audited for 2000.1.1
BLZ,yes,Belize,Belizean,4589,british_mexican,,protestant,presidential_republic,unitary,multiparty,2,Independent or nonpartisan,Said Musa,1944.3.19,Said Musa,4,2,3,modern_latin_american,south_american,westerngfx,84,20,102,et:countries/Belize.txt,et:gfx/flags/BLZ.tga,ET 2000 snapshot; manual verification pending
BOL,yes,Bolivia,Bolivian,802,iberian_peruvian,,catholic,presidential_republic,unitary,multiparty,2,Independent or nonpartisan,Hugo Banzer,1926.5.10,Hugo Banzer,1,5,3,modern_latin_american,south_american,westerngfx,24,180,92,et:countries/Bolivia.txt,et:gfx/flags/BOL.tga,ET 2000 snapshot; manual verification pending
BOT,yes,Botswana,Batswana,3013,tswana,,protestant,presidential_republic,unitary,multiparty,2,Independent or nonpartisan,Festus Mogae,1939.8.21,Festus Mogae,6,1,2,modern_sub_saharan_african,sub_saharan,africangfx,129,129,199,et:countries/Botswana.txt,et:gfx/flags/BOT.tga,ET 2000 snapshot; manual verification pending
BRZ,yes,Brazil,Brazilian,2908,brazilian,,catholic,presidential_republic,federal,multiparty,3,Independent or nonpartisan,Fernando Henrique Cardoso,1931.6.18,Fernando Henrique Cardoso,3,2,5,modern_latin_american,south_american,westerngfx,129,177,125,base:countries/Brazil.txt,base:gfx/flags/BRZ.tga,ET 2000 snapshot; manual verification pending
BUL,yes,Bulgaria,Bulgarian,1765,bulgarian,bulgarian|bulgar,orthodox,parliamentary_republic,unitary,multiparty,2,Union of Democratic Forces,Ivan Kostov,1949.12.23,Petar Stoyanov,4,4,2,modern_western,western,easterngfx,116,107,140,base:countries/Bulgaria.txt,et:gfx/flags/BUL.tga,Priority-region executive manually audited for 2000.1.1
BUU,yes,Burundi,Burundian,4070,rwandan,,catholic,presidential_republic,unitary,multiparty,2,Independent or nonpartisan,Pierre Buyoya,1949.11.24,Pierre Buyoya,4,6,4,modern_sub_saharan_african,sub_saharan,africangfx,21,191,16,base:countries/Burundi.txt,base:gfx/flags/BUU.tga,ET 2000 snapshot; manual verification pending
CAF,yes,Central African Republic,Central African,3023,gbaya,,catholic,presidential_republic,unitary,multiparty,2,Independent or nonpartisan,Ange-Félix Patassé,1937.1.25,Ange-Félix Patassé,2,4,2,modern_sub_saharan_african,sub_saharan,africangfx,89,7,162,et:countries/CentralAfrica.txt,et:gfx/flags/CAF.tga,ET 2000 snapshot; manual verification pending
CAN,yes,Canada,Canadian,4892,british_canadian,french_canadian,protestant,parliamentary_republic,federal,multiparty,2,Independent or nonpartisan,Jean Chrétien,1934.1.11,Jean Chrétien,4,2,4,modern_western,western,westerngfx,94,117,55,base:countries/Canada.txt,et:gfx/flags/CAN.tga,ET 2000 snapshot; manual verification pending
CDD,yes,Chad,Chadian,2287,kanuri,,sunni,presidential_republic,unitary,multiparty,2,Independent or nonpartisan,Idriss Déby,1952.6.18,Idriss Déby,3,2,3,modern_sub_saharan_african,sub_saharan,africangfx,49,17,162,et:countries/Chad.txt,et:gfx/flags/CDD.tga,ET 2000 snapshot; manual verification pending
CHL,yes,Chile,Chilean,787,iberian_peruvian,,catholic,presidential_republic,unitary,multiparty,2,Independent or nonpartisan,Eduardo Frei Ruiz-Tagle,1942.6.24,Eduardo Frei Ruiz-Tagle,2,2,3,modern_latin_american,south_american,westerngfx,236,159,89,base:countries/Chile.txt,base:gfx/flags/CHL.tga,ET 2000 snapshot; manual verification pending
CHN,yes,China,Chinese,1816,chihan,,confucianism,one_party_state,unitary,single_party,3,Chinese Communist Party,Jiang Zemin,1926.8.17,Jiang Zemin,5,4,3,modern_east_asian,chinese,asiangfx,255,195,0,et:countries/China.txt,et:gfx/flags/CHN.tga,Priority-region executive manually audited for 2000.1.1
CMO,yes,Comoros,Comorian,4020,swahili,,sunni,presidential_republic,unitary,multiparty,2,Independent or nonpartisan,Azali Assoumani,1959.1.1,Azali Assoumani,2,3,2,modern_sub_saharan_african,sub_saharan,africangfx,29,140,199,et:countries/Comores.txt,et:gfx/flags/CMO.tga,ET 2000 snapshot; manual verification pending
CMR,yes,Cameroon,Cameroonian,3022,sawabantu,,sunni,presidential_republic,unitary,closed_authoritarian,2,Independent or nonpartisan,Paul Biya,1933.2.13,Paul Biya,5,5,2,modern_sub_saharan_african,sub_saharan,africangfx,149,117,62,et:countries/Cameroon.txt,et:gfx/flags/CMR.tga,ET 2000 snapshot; manual verification pending
CNG,yes,Republic of the Congo,Congolese,1169,kongolese,,catholic,presidential_republic,unitary,closed_authoritarian,2,Independent or nonpartisan,Denis Sassou-Nguesso,1943.11.23,Denis Sassou-Nguesso,4,4,1,modern_sub_saharan_african,sub_saharan,africangfx,189,130,109,et:countries/Congo.txt,et:gfx/flags/CNG.tga,ET 2000 snapshot; manual verification pending
COL,yes,Colombia,Colombian,825,iberian_colombian,,catholic,presidential_republic,unitary,multiparty,2,Independent or nonpartisan,Andrés Pastrana Arango,1954.8.17,Andrés Pastrana Arango,2,5,4,modern_latin_american,south_american,westerngfx,89,140,176,base:countries/Colombia.txt,base:gfx/flags/COL.tga,ET 2000 snapshot; manual verification pending
COS,yes,Costa Rica,Costa Rican,836,mexican,,catholic,presidential_republic,unitary,multiparty,2,Independent or nonpartisan,Miguel Ángel Rodríguez,1940.1.9,Miguel Ángel Rodríguez,3,4,1,modern_latin_american,south_american,westerngfx,114,100,192,et:countries/CostaRica.txt,et:gfx/flags/COS.tga,ET 2000 snapshot; manual verification pending
CPV,yes,Cape Verde,Cape Verdean,1096,portugese,,catholic,presidential_republic,unitary,multiparty,2,Independent or nonpartisan,António Mascarenhas Monteiro,1944.2.16,António Mascarenhas Monteiro,3,3,2,modern_sub_saharan_african,sub_saharan,westerngfx,129,117,175,et:countries/CapeVerde.txt,et:gfx/flags/CPV.tga,ET 2000 snapshot; manual verification pending
CRO,yes,Croatia,Croatian,131,croatian,,catholic,semi_presidential_republic,unitary,multiparty,2,Croatian Democratic Union,Zlatko Matesa,1949.6.17,Vlatko Pavletic,3,3,2,modern_western,western,easterngfx,104,94,247,base:countries/Croatia.txt,base:gfx/flags/CRO.tga,Priority-region executive manually audited for 2000.1.1
CUB,yes,Cuba,Cuban,484,iberian_caribbean,,catholic,one_party_state,unitary,single_party,2,Independent or nonpartisan,Fidel Castro,1926.8.13,Fidel Castro,4,3,5,modern_latin_american,south_american,westerngfx,140,65,166,base:countries/Cuba.txt,et:gfx/flags/CUB.tga,ET 2000 snapshot; manual verification pending
CYP,yes,Cyprus,Cypriot,321,greek,greek,catholic,presidential_republic,unitary,multiparty,2,Democratic Rally,Glafcos Clerides,1919.4.24,Glafcos Clerides,4,4,2,modern_western,western,easterngfx,245,200,30,base:countries/Cyprus.txt,et:gfx/flags/CYP.tga,Priority-region executive manually audited for 2000.1.1
CZE,yes,Czech Republic,Czech,266,czech,,catholic,parliamentary_republic,unitary,multiparty,2,Social Democratic Party,Milos Zeman,1944.9.28,Václav Havel,4,4,2,modern_western,western,westerngfx,151,129,4,et:countries/CzechRepublic.txt,et:gfx/flags/CZE.tga,Priority-region executive manually audited for 2000.1.1
DAN,yes,Denmark,Danish,12,danish,norwegian,protestant,parliamentary_monarchy,unitary,multiparty,2,Social Democrats,Poul Nyrup Rasmussen,1943.6.15,Margrethe II,4,4,2,modern_western,western,westerngfx,190,70,70,base:countries/Denmark.txt,et:gfx/flags/DAN.tga,Priority-region executive manually audited for 2000.1.1
DGL,yes,Maldives,Maldivian,1248,sinhala,,sunni,presidential_republic,unitary,multiparty,2,Independent or nonpartisan,Maumoon Abdul Gayoom,1937.12.29,Maumoon Abdul Gayoom,4,5,3,modern_western,western,indiangfx,191,25,25,base:countries/Maldives.txt,base:gfx/flags/DGL.tga,ET 2000 snapshot; manual verification pending
DJI,yes,Djibouti,Djiboutian,1215,somali,,sunni,presidential_republic,unitary,multiparty,2,Independent or nonpartisan,Ismaïl Omar Guelleh,1947.11.27,Ismaïl Omar Guelleh,3,2,4,modern_middle_eastern_north_african,muslim,muslimgfx,66,140,190,et:countries/Djibouti.txt,et:gfx/flags/DJI.tga,ET 2000 snapshot; manual verification pending
DMN,yes,Dominica,Dominican,498,british_caribbean,,protestant,presidential_republic,unitary,multiparty,2,Independent or nonpartisan,Vernon Shaw,1930.5.13,Vernon Shaw,4,4,3,modern_latin_american,south_american,westerngfx,69,184,119,et:countries/Dominica.txt,et:gfx/flags/DMN.tga,ET 2000 snapshot; manual verification pending
DOM,yes,Dominican Republic,Dominican,490,iberian_caribbean,,catholic,presidential_republic,unitary,multiparty,2,Independent or nonpartisan,Leonel Fernández,1953.12.26,Leonel Fernández,4,4,2,modern_latin_american,south_american,westerngfx,199,124,69,et:countries/DominicanRepublic.txt,et:gfx/flags/DOM.tga,ET 2000 snapshot; manual verification pending
DRC,yes,Democratic Republic of the Congo,Congolese,3261,kongolese,,catholic,presidential_republic,unitary,closed_authoritarian,2,Independent or nonpartisan,Laurent-Désiré Kabila,1939.11.27,Laurent-Désiré Kabila,4,4,1,modern_sub_saharan_african,sub_saharan,africangfx,109,130,189,et:countries/DemRepCongo.txt,et:gfx/flags/DRC.tga,ET 2000 snapshot; manual verification pending
ECU,yes,Ecuador,Ecuadorian,820,iberian_colombian,,catholic,presidential_republic,unitary,multiparty,2,Independent or nonpartisan,Jamil Mahuad,1949.7.29,Jamil Mahuad,4,4,2,modern_latin_american,south_american,westerngfx,184,140,92,et:countries/Ecuador.txt,et:gfx/flags/ECU.tga,ET 2000 snapshot; manual verification pending
EGY,yes,Egypt,Egyptian,361,al_misr_arabic,,sunni,presidential_republic,unitary,closed_authoritarian,2,Independent or nonpartisan,Hosni Mubarak,1928.5.4,Hosni Mubarak,2,1,4,modern_middle_eastern_north_african,muslim,muslimgfx,255,220,104,base:countries/Egypt.txt,base:gfx/flags/EGY.tga,ET 2000 snapshot; manual verification pending
ELS,yes,El Salvador,Salvadoran,839,mexican,,catholic,presidential_republic,unitary,multiparty,2,Independent or nonpartisan,Francisco Flores Pérez,1959.10.17,Francisco Flores Pérez,3,4,3,modern_latin_american,south_american,westerngfx,134,170,42,et:countries/ElSalvador.txt,et:gfx/flags/ELS.tga,ET 2000 snapshot; manual verification pending
EQG,yes,Equatorial Guinea,Equatoguinean,1097,castillian,,catholic,presidential_republic,unitary,closed_authoritarian,2,Independent or nonpartisan,Teodoro Obiang Nguema Mbasogo,1942.6.5,Teodoro Obiang Nguema Mbasogo,3,3,3,modern_sub_saharan_african,sub_saharan,westerngfx,169,17,148,et:countries/EquatorialGuinea.txt,et:gfx/flags/EQG.tga,ET 2000 snapshot; manual verification pending
ERT,yes,Eritrea,Eritrean,2766,tigray,,sunni,one_party_state,unitary,single_party,2,Independent or nonpartisan,Isaias Afewerki,1946.2.2,Isaias Afewerki,4,5,5,modern_sub_saharan_african,sub_saharan,africangfx,26,80,151,et:countries/Eritrea.txt,et:gfx/flags/ERT.tga,ET 2000 snapshot; manual verification pending
EST,yes,Estonia,Estonian,36,estonian,,catholic,presidential_republic,unitary,multiparty,2,Pro Patria Union,Mart Laar,1960.4.22,Lennart Meri,4,4,2,modern_post_soviet,eastern,westerngfx,248,125,125,base:countries/Estonia.txt,et:gfx/flags/EST.tga,Priority-region executive manually audited for 2000.1.1
ETH,yes,Ethiopia,Ethiopian,1213,amhara,,coptic,presidential_republic,federal,closed_authoritarian,3,Independent or nonpartisan,Negasso Gidada,1943.9.3,Negasso Gidada,4,2,3,modern_sub_saharan_african,sub_saharan,africangfx,56,120,191,base:countries/Ethiopia.txt,base:gfx/flags/ETH.tga,ET 2000 snapshot; manual verification pending
ETI,no,East Timor,East Timorese,2692,moluccan,,catholic,presidential_republic,unitary,multiparty,2,Dormant successor,,,,3,3,3,modern_southeast_asian,chinese,westerngfx,160,166,167,et:countries/EastTimor.txt,et:gfx/flags/ETI.tga,Dormant historical successor; leadership assigned by formation event
FIN,yes,Finland,Finnish,28,finnish,swedish,catholic,semi_presidential_republic,unitary,multiparty,2,Social Democratic Party,Paavo Lipponen,1941.4.23,Martti Ahtisaari,4,4,2,modern_western,western,westerngfx,182,134,100,base:countries/Finland.txt,et:gfx/flags/FIN.tga,Priority-region executive manually audited for 2000.1.1
FR2,yes,France,French,183,cosmopolitan_french,,catholic,semi_presidential_republic,unitary,multiparty,3,Rally for the Republic,Jacques Chirac,1932.11.29,Jacques Chirac,4,5,3,modern_western,western,westerngfx,20,50,210,et:countries/ModernFrance.txt,et:gfx/flags/FR2.tga,Priority-region executive manually audited for 2000.1.1
FRM,yes,Taiwan,Taiwanese,2154,taiwanese,,confucianism,presidential_republic,unitary,multiparty,2,Independent or nonpartisan,Lee Teng-hui,1923.1.15,Lee Teng-hui,4,3,3,modern_east_asian,chinese,asiangfx,218,234,15,base:countries/Formosa.txt,base:gfx/flags/FRM.tga,ET 2000 snapshot; manual verification pending
GAB,yes,Gabon,Gabonese,1165,fang,,sunni,presidential_republic,unitary,closed_authoritarian,2,Independent or nonpartisan,Omar Bongo,1935.1.30,Omar Bongo,4,2,3,modern_sub_saharan_african,sub_saharan,africangfx,49,117,92,et:countries/Gabon.txt,et:gfx/flags/GAB.tga,ET 2000 snapshot; manual verification pending
GBI,yes,Guinea-Bissau,Bissau-Guinean,1114,senegambian,,sunni,presidential_republic,unitary,multiparty,2,Independent or nonpartisan,Malam Bacai Sanhá,1947.5.5,Malam Bacai Sanhá,5,3,1,modern_sub_saharan_african,sub_saharan,africangfx,69,57,48,et:countries/GuineaBissau.txt,et:gfx/flags/GBI.tga,ET 2000 snapshot; manual verification pending
GBR,yes,United Kingdom,British,236,english,scottish,anglican,parliamentary_monarchy,unitary,multiparty,2,Labour Party,Tony Blair,1953.5.6,Elizabeth II,5,5,3,modern_western,western,westerngfx,153,0,0,base:countries/GreatBritain.txt,base:gfx/flags/GBR.tga,Priority-region executive manually audited for 2000.1.1
GEO,yes,Georgia,Georgian,423,georgian,,orthodox,semi_presidential_republic,unitary,multiparty,2,Union of Citizens of Georgia,Eduard Shevardnadze,1928.1.25,Eduard Shevardnadze,3,5,2,modern_post_soviet,eastern,easterngfx,190,35,37,base:countries/Georgia.txt,et:gfx/flags/GEO.tga,Priority-region executive manually audited for 2000.1.1
GER,yes,Germany,German,50,prussian,,protestant,parliamentary_republic,federal,multiparty,3,Social Democratic Party,Gerhard Schroder,1944.4.7,Johannes Rau,5,4,3,modern_western,western,westerngfx,75,130,135,base:countries/Germany.txt,et:gfx/flags/GER.tga,Priority-region executive manually audited for 2000.1.1
GHA,yes,Ghana,Ghanaian,1139,aka,,shamanism,presidential_republic,unitary,multiparty,2,Independent or nonpartisan,Jerry Rawlings,1947.6.22,Jerry Rawlings,4,2,3,modern_sub_saharan_african,sub_saharan,africangfx,165,155,105,et:countries/Ghana.txt,et:gfx/flags/GHA.tga,ET 2000 snapshot; manual verification pending
GMB,yes,The Gambia,Gambian,4113,senegambian,,sunni,military_government,unitary,closed_authoritarian,2,Independent or nonpartisan,Yahya Yammeh,1965.5.25,Yahya Yammeh,3,3,4,modern_western,western,muslimgfx,109,157,48,et:countries/Gambia.txt,et:gfx/flags/GMB.tga,ET 2000 snapshot; manual verification pending
GRE,yes,Greece,Greek,146,greek,,orthodox,parliamentary_republic,unitary,multiparty,2,PASOK,Costas Simitis,1936.6.23,Konstantinos Stephanopoulos,4,4,2,modern_western,western,easterngfx,9,9,103,base:countries/Greece.txt,base:gfx/flags/GRE.tga,Priority-region executive manually audited for 2000.1.1
GRN,yes,Grenada,Grenadan,1881,british_caribbean,,catholic,presidential_republic,unitary,multiparty,2,Independent or nonpartisan,Keith Mitchell,1946.11.12,Keith Mitchell,3,4,2,modern_latin_american,south_american,westerngfx,69,134,99,et:countries/Grenada.txt,et:gfx/flags/GRN.tga,ET 2000 snapshot; manual verification pending
GTM,yes,Guatemala,Guatemalan,2653,mexican,,catholic,presidential_republic,unitary,multiparty,2,Independent or nonpartisan,Álvaro Arzú,1946.3.14,Álvaro Arzú,4,2,2,modern_latin_american,south_american,westerngfx,124,120,222,et:countries/Guatemala.txt,et:gfx/flags/GTM.tga,ET 2000 snapshot; manual verification pending
GUI,yes,Guinea,Guinean,2241,fulani,,sunni,presidential_republic,unitary,closed_authoritarian,2,Independent or nonpartisan,Lansana Conté,1934.11.30,Lansana Conté,5,3,2,modern_sub_saharan_african,sub_saharan,africangfx,169,97,48,et:countries/Guinea.txt,et:gfx/flags/GUI.tga,ET 2000 snapshot; manual verification pending
GYA,yes,Guyana,Guyanese,744,british_colombian,,reformed,presidential_republic,unitary,multiparty,2,Independent or nonpartisan,Bharrat Jagdeo,1963.1.23,Bharrat Jagdeo,4,4,3,modern_latin_american,south_american,westerngfx,124,180,92,et:countries/Guyana.txt,et:gfx/flags/GYA.tga,ET 2000 snapshot; manual verification pending
GZI,yes,Zimbabwe,Zimbabwean,2950,shona,,shamanism,presidential_republic,unitary,multiparty,2,Independent or nonpartisan,Robert Mugabe,1924.2.21,Robert Mugabe,4,4,2,modern_sub_saharan_african,sub_saharan,africangfx,255,211,0,base:countries/Great Zimbabwe.txt,base:gfx/flags/GZI.tga,ET 2000 snapshot; manual verification pending
HAB,yes,Austria,Austrian,134,austrian,hungarian|slovak|transylvanian|croatian,catholic,parliamentary_republic,federal,multiparty,2,Social Democratic Party,Viktor Klima,1947.6.4,Thomas Klestil,4,4,2,modern_western,western,westerngfx,220,220,220,base:countries/Austria.txt,base:gfx/flags/HAB.tga,Priority-region executive manually audited for 2000.1.1
HAT,yes,Haiti,Haitian,488,french_caribbean,,catholic,presidential_republic,unitary,multiparty,2,Independent or nonpartisan,René Préval,1943.1.17,René Préval,4,3,4,modern_latin_american,south_american,westerngfx,139,179,207,base:countries/Haiti.txt,base:gfx/flags/HAT.tga,ET 2000 snapshot; manual verification pending
HON,yes,Honduras,Honduran,2640,mexican,,catholic,presidential_republic,unitary,multiparty,2,Independent or nonpartisan,Carlos Roberto Flores,1950.3.10,Carlos Roberto Flores,3,5,2,modern_latin_american,south_american,westerngfx,64,40,152,et:countries/Honduras.txt,et:gfx/flags/HON.tga,ET 2000 snapshot; manual verification pending
HUN,yes,Hungary,Hungarian,153,hungarian,,catholic,parliamentary_republic,unitary,multiparty,2,Fidesz,Viktor Orban,1963.5.31,Árpád Göncz,4,3,2,modern_western,western,easterngfx,152,85,92,base:countries/Hungary.txt,et:gfx/flags/HUN.tga,Priority-region executive manually audited for 2000.1.1
ICE,yes,Iceland,Icelandic,370,icelandic,,protestant,parliamentary_republic,unitary,multiparty,2,Independence Party,David Oddsson,1948.1.17,Ólafur Ragnar Grímsson,4,4,2,modern_western,western,westerngfx,43,60,117,base:countries/Iceland.txt,et:gfx/flags/ICE.tga,Priority-region executive manually audited for 2000.1.1
IDN,yes,Indonesia,Indonesian,630,javanese,,sunni,presidential_republic,unitary,multiparty,2,Independent or nonpartisan,Abdurrahman Wahid,1940.9.7,Abdurrahman Wahid,3,2,4,modern_southeast_asian,chinese,asiangfx,200,66,167,et:countries/Indonesia.txt,et:gfx/flags/IDN.tga,ET 2000 snapshot; manual verification pending
INI,yes,India,Indian,522,kanauji,,hinduism,parliamentary_republic,federal,multiparty,3,Bharatiya Janata Party,Atal Bihari Vajpayee,1924.12.25,Kocheril Raman Narayanan,4,4,3,modern_south_asian,indian,indiangfx,255,113,0,et:countries/India.txt,et:gfx/flags/INI.tga,Priority-region executive manually audited for 2000.1.1
IRA,yes,Iran,Iranian,428,persian,,shiite,theocratic_state,unitary,nonpartisan,2,Independent or nonpartisan,Ali Khamenei,1939.4.19,Ali Khamenei,4,2,4,modern_middle_eastern_north_african,muslim,muslimgfx,255,124,76,et:countries/Iran.txt,et:gfx/flags/IRA.tga,ET 2000 snapshot; manual verification pending
IRE,yes,Ireland,Irish,373,irish,,catholic,parliamentary_republic,unitary,multiparty,2,Fianna Fail,Bertie Ahern,1951.9.12,Mary McAleese,4,4,2,modern_western,western,westerngfx,112,150,105,base:countries/Ireland.txt,et:gfx/flags/IRE.tga,Priority-region executive manually audited for 2000.1.1
IRQ,yes,Iraq,Iraqi,410,al_iraqiya_arabic,,sunni,presidential_republic,unitary,closed_authoritarian,2,Independent or nonpartisan,Saddam Hussein,1937.4.28,Saddam Hussein,4,2,5,modern_middle_eastern_north_african,muslim,muslimgfx,153,138,161,base:countries/Iraq.txt,base:gfx/flags/IRQ.tga,ET 2000 snapshot; manual verification pending
ISR,yes,Israel,Israeli,1854,israeli,,jewish,parliamentary_republic,unitary,multiparty,2,One Israel,Ehud Barak,1942.2.12,Ezer Weizman,4,4,4,modern_middle_eastern_north_african,muslim,westerngfx,20,138,255,base:countries/Israel.txt,et:gfx/flags/ISR.tga,Priority-region executive manually audited for 2000.1.1
ITA,yes,Italy,Italian,118,umbrian,,catholic,parliamentary_republic,unitary,multiparty,3,Democrats of the Left,Massimo D'Alema,1949.4.20,Carlo Azeglio Ciampi,4,4,2,modern_western,western,westerngfx,125,171,84,base:countries/Italy.txt,et:gfx/flags/ITA.tga,Priority-region executive manually audited for 2000.1.1
IVO,yes,Ivory Coast,Ivorian,1125,aka,,sunni,presidential_republic,unitary,multiparty,2,Independent or nonpartisan,Robert Guéï,1941.3.16,Robert Guéï,3,3,2,modern_sub_saharan_african,sub_saharan,africangfx,219,197,22,et:countries/IvoryCoast.txt,et:gfx/flags/IVO.tga,ET 2000 snapshot; manual verification pending
JAI,yes,Malta,Maltese,126,maltese,,catholic,presidential_republic,unitary,multiparty,2,Independent or nonpartisan,Guido de Marco,1931.7.22,Guido de Marco,3,2,4,modern_western,western,westerngfx,80,200,120,base:countries/Malta.txt,et:gfx/flags/JAI.tga,ET 2000 snapshot; manual verification pending
JAP,yes,Japan,Japanese,1020,japanese,,shinto,parliamentary_monarchy,unitary,dominant_party,3,Liberal Democratic Party,Keizo Obuchi,1937.6.25,Akihito,4,4,2,modern_east_asian,chinese,asiangfx,194,53,60,base:countries/Japan.txt,base:gfx/flags/JAP.tga,Priority-region executive manually audited for 2000.1.1
JMC,yes,Jamaica,Jamaican,487,british_caribbean,,protestant,presidential_republic,unitary,multiparty,2,Independent or nonpartisan,Percival Patterson,1935.4.10,Percival Patterson,3,5,1,modern_latin_american,south_american,westerngfx,189,224,69,et:countries/Jamaica.txt,et:gfx/flags/JMC.tga,ET 2000 snapshot; manual verification pending
JOR,yes,Jordan,Jordanian,381,palestinian,,sunni,parliamentary_monarchy,unitary,multiparty,2,Independent or nonpartisan,Abdullah II,1962.1.30,Abdullah II,4,3,3,modern_middle_eastern_north_african,muslim,muslimgfx,0,100,130,et:countries/Jordania.txt,et:gfx/flags/JOR.tga,ET 2000 snapshot; manual verification pending
KEY,yes,Kenya,Kenyan,1273,masai,,protestant,presidential_republic,unitary,multiparty,2,Independent or nonpartisan,Daniel arap Moi,1924.9.2,Daniel arap Moi,4,4,2,modern_sub_saharan_african,sub_saharan,africangfx,151,51,55,et:countries/Kenya.txt,et:gfx/flags/KEY.tga,ET 2000 snapshot; manual verification pending
KHA,yes,Mongolia,Mongolian,4678,mongol,,vajrayana,presidential_republic,unitary,multiparty,2,Independent or nonpartisan,Natsagiin Bagabandi,1950.4.22,Natsagiin Bagabandi,5,3,2,modern_western,western,asiangfx,108,153,65,base:countries/MongolKhanate.txt,base:gfx/flags/KHA.tga,ET 2000 snapshot; manual verification pending
KHM,yes,Cambodia,Cambodian,2380,khmer,,buddhism,parliamentary_monarchy,unitary,multiparty,2,Cambodian People's Party,Hun Sen,1952.8.5,Norodom Sihanouk,4,3,3,modern_southeast_asian,chinese,asiangfx,127,180,60,base:countries/Khmer.txt,base:gfx/flags/KHM.tga,Priority-region executive manually audited for 2000.1.1
KIR,yes,Kiribati,I-Kiribati,1991,polynesian,,protestant,presidential_republic,unitary,multiparty,2,Independent or nonpartisan,Teburoro Tito,1953.8.25,Teburoro Tito,5,2,2,modern_oceanian,polynesian_tech,westerngfx,189,117,112,et:countries/Kiribati.txt,et:gfx/flags/KIR.tga,ET 2000 snapshot; manual verification pending
KOS,no,Kosovo,Kosovar,1766,albanian,,sunni,presidential_republic,unitary,multiparty,1,Dormant successor,,,,4,3,1,modern_western,western,easterngfx,26,102,57,et:countries/Kosovo.txt,et:gfx/flags/KOS.tga,Dormant historical successor; leadership assigned by formation event
KUW,yes,Kuwait,Kuwaiti,2340,gulf_arabic,,sunni,parliamentary_monarchy,unitary,multiparty,1,Independent or nonpartisan,Jaber III,1926.6.29,Jaber III,5,3,3,modern_middle_eastern_north_african,muslim,muslimgfx,0,160,180,et:countries/Kuwait.txt,et:gfx/flags/KUW.tga,ET 2000 snapshot; manual verification pending
KYR,yes,Kyrgyzstan,Kyrgyzstani,2126,kirgiz,,sunni,semi_presidential_republic,unitary,multiparty,2,Independent or nonpartisan,Askar Akayev,1944.11.10,Askar Akayev,4,3,5,modern_post_soviet,eastern,muslimgfx,194,0,85,et:countries/Kyrgyzstan.txt,et:gfx/flags/KYR.tga,ET 2000 snapshot; manual verification pending
KZK,yes,Kazakhstan,Kazakhstani,476,khazak,,sunni,semi_presidential_republic,unitary,closed_authoritarian,2,Independent or nonpartisan,Kassym-Jomart Tokayev,1953.5.17,Kassym-Jomart Tokayev,3,4,3,modern_post_soviet,eastern,muslimgfx,138,180,219,et:countries/Kazakhstan.txt,et:gfx/flags/KZK.tga,ET 2000 snapshot; manual verification pending
LAO,yes,Laos,Laotian,614,lao,,buddhism,one_party_state,unitary,single_party,2,Independent or nonpartisan,Khamtai Siphandon,1924.2.8,Khamtai Siphandon,2,4,2,modern_southeast_asian,chinese,asiangfx,230,66,48,et:countries/Laos.txt,et:gfx/flags/LAO.tga,ET 2000 snapshot; manual verification pending
LAP,yes,Argentina,Argentine,778,iberian_la_platan,,catholic,presidential_republic,federal,multiparty,2,Independent or nonpartisan,Fernando de la Rúa,1937.9.15,Fernando de la Rúa,3,5,2,modern_latin_american,south_american,westerngfx,101,102,163,base:countries/LaPlata.txt,base:gfx/flags/LAP.tga,ET 2000 snapshot; manual verification pending
LBR,yes,Liberia,Liberian,2242,mali,,sunni,presidential_republic,unitary,multiparty,2,Independent or nonpartisan,Charles Taylor,1948.1.28,Charles Taylor,3,5,2,modern_sub_saharan_african,sub_saharan,africangfx,69,147,222,et:countries/Liberia.txt,et:gfx/flags/LBR.tga,ET 2000 snapshot; manual verification pending
LBY,yes,Libya,Libyan,354,tunisian,,sunni,presidential_republic,unitary,closed_authoritarian,2,Independent or nonpartisan,Muammar Gaddafi,1940.1.1,Muammar Gaddafi,2,2,3,modern_middle_eastern_north_african,muslim,muslimgfx,0,180,0,et:countries/Libya.txt,et:gfx/flags/LBY.tga,ET 2000 snapshot; manual verification pending
LEB,yes,Lebanon,Lebanese,378,al_suryah_arabic,,sunni,presidential_republic,unitary,multiparty,2,Independent or nonpartisan,Émile Lahoud,1936.1.12,Émile Lahoud,3,2,3,modern_middle_eastern_north_african,muslim,muslimgfx,225,110,25,base:countries/Lebanon.txt,et:gfx/flags/LEB.tga,ET 2000 snapshot; manual verification pending
LES,yes,Lesotho,Mosotho,3011,nguni,,protestant,parliamentary_monarchy,unitary,multiparty,2,Lesotho Congress for Democracy,Pakalitha Mosisili,1945.3.14,Letsie III,3,3,2,modern_sub_saharan_african,sub_saharan,africangfx,49,109,89,et:countries/Lesotho.txt,et:gfx/flags/LES.tga,Priority-region executive manually audited for 2000.1.1
LIT,yes,Lithuania,Lithuanian,272,lithuanian,polish,catholic,semi_presidential_republic,unitary,multiparty,2,Homeland Union,Andrius Kubilius,1956.12.8,Valdas Adamkus,4,4,2,modern_post_soviet,eastern,easterngfx,154,69,116,base:countries/Lithuania.txt,et:gfx/flags/LIT.tga,Priority-region executive manually audited for 2000.1.1
LTV,yes,Latvia,Latvian,38,latvian,,catholic,parliamentary_republic,unitary,multiparty,2,People's Party,Andris Skele,1958.1.16,Vaira Vike-Freiberga,4,3,2,modern_post_soviet,eastern,easterngfx,90,30,10,et:countries/Latvia.txt,et:gfx/flags/LTV.tga,Priority-region executive manually audited for 2000.1.1
LUX,yes,Luxembourg,Luxembourgish,94,hessian,,catholic,parliamentary_republic,unitary,multiparty,1,Christian Social People's Party,Jean-Claude Juncker,1954.12.9,Jean I,5,5,2,modern_western,western,westerngfx,53,140,73,base:countries/Luxembourg.txt,base:gfx/flags/LUX.tga,Priority-region executive manually audited for 2000.1.1
MAC,yes,Macedonia,Macedonian,3001,macedonian,,orthodox,parliamentary_republic,unitary,multiparty,2,VMRO-DPMNE,Ljubco Georgievski,1966.1.17,Boris Trajkovski,3,3,2,modern_western,western,easterngfx,210,210,10,et:countries/Macedonia.txt,et:gfx/flags/MAC.tga,Priority-region executive manually audited for 2000.1.1
MAL,yes,Mali,Malian,1124,bambara,,sunni,presidential_republic,unitary,multiparty,2,Independent or nonpartisan,Alpha Oumar Konaré,1946.2.2,Alpha Oumar Konaré,2,5,3,modern_sub_saharan_african,sub_saharan,africangfx,255,255,185,base:countries/Mali.txt,base:gfx/flags/MAL.tga,ET 2000 snapshot; manual verification pending
MDG,yes,Madagascar,Malagasy,1792,madagasque,,shamanism,presidential_republic,unitary,multiparty,2,Independent or nonpartisan,Didier Ratsiraka,1936.11.4,Didier Ratsiraka,5,3,3,modern_sub_saharan_african,sub_saharan,africangfx,169,50,129,et:countries/Madagascar.txt,et:gfx/flags/MDG.tga,ET 2000 snapshot; manual verification pending
MDV,yes,Moldova,Moldovan,2405,romanian,,orthodox,semi_presidential_republic,unitary,multiparty,2,Independent,Dumitru Braghis,1957.12.28,Petru Lucinschi,3,3,2,modern_post_soviet,eastern,easterngfx,131,96,188,et:countries/Moldova.txt,et:gfx/flags/MDV.tga,Priority-region executive manually audited for 2000.1.1
MEX,yes,Mexico,Mexican,852,mexican,,catholic,presidential_republic,federal,dominant_party,2,Independent or nonpartisan,Ernesto Zedillo,1951.12.27,Ernesto Zedillo,4,4,3,modern_latin_american,south_american,westerngfx,219,124,139,base:countries/Mexico.txt,et:gfx/flags/MEX.tga,ET 2000 snapshot; manual verification pending
MIC,yes,Micronesia,Micronesian,1995,micronesian,,protestant,presidential_republic,federal,multiparty,2,Independent or nonpartisan,Leo Falcam,1935.11.20,Leo Falcam,3,3,3,modern_oceanian,polynesian_tech,westerngfx,189,117,212,et:countries/Micronesia.txt,et:gfx/flags/MIC.tga,ET 2000 snapshot; manual verification pending
MLA,yes,Malaysia,Malaysian,2392,malayan,,sunni,parliamentary_monarchy,federal,dominant_party,2,Barisan Nasional,Mahathir Mohamad,1925.7.10,Salahuddin Abdul Aziz,5,4,3,modern_southeast_asian,chinese,asiangfx,100,146,217,et:countries/Malaysia.txt,et:gfx/flags/MLA.tga,Priority-region executive manually audited for 2000.1.1
MNM,yes,Myanmar,Myanma,4399,burmese,,buddhism,military_government,unitary,closed_authoritarian,2,Independent or nonpartisan,Than Shwe,1933.2.2,Than Shwe,3,4,5,modern_southeast_asian,chinese,asiangfx,185,181,80,et:countries/Myanmar.txt,et:gfx/flags/MNM.tga,ET 2000 snapshot; manual verification pending
MON,no,Montenegro,Montenegrin,1853,serbian,,orthodox,presidential_republic,unitary,multiparty,2,Dormant successor,,,,5,2,4,modern_western,western,easterngfx,39,108,140,base:countries/Montenegro.txt,et:gfx/flags/MON.tga,Dormant historical successor; leadership assigned by formation event
MOR,yes,Morocco,Moroccan,2469,moroccan,,sunni,parliamentary_monarchy,unitary,multiparty,2,Independent or nonpartisan,Muhammad VI,1963.8.21,Muhammad VI,4,4,2,modern_middle_eastern_north_african,muslim,muslimgfx,191,110,62,base:countries/Morocco.txt,base:gfx/flags/MOR.tga,ET 2000 snapshot; manual verification pending
MRS,yes,Marshall Islands,Marshallese,1993,micronesian,,protestant,presidential_republic,unitary,multiparty,2,Independent or nonpartisan,Imata Kabua,1943.5.20,Imata Kabua,3,2,5,modern_oceanian,polynesian_tech,westerngfx,89,17,112,et:countries/MarshallIslands.txt,et:gfx/flags/MRS.tga,ET 2000 snapshot; manual verification pending
MRT,yes,Mauritania,Mauritanian,1112,atlas,,sunni,presidential_republic,unitary,multiparty,2,Independent or nonpartisan,Maaoya Ould Sid'Ahmed Taya,1941.11.28,Maaoya Ould Sid'Ahmed Taya,4,3,3,modern_middle_eastern_north_african,muslim,muslimgfx,69,217,48,et:countries/Mauritania.txt,et:gfx/flags/MRT.tga,ET 2000 snapshot; manual verification pending
MTU,yes,Mauritius,Mauritian,1102,bihari,,protestant,presidential_republic,unitary,multiparty,2,Independent or nonpartisan,Cassam Uteem,1941.3.22,Cassam Uteem,5,2,2,modern_sub_saharan_african,sub_saharan,westerngfx,169,217,48,et:countries/Mauritius.txt,et:gfx/flags/MTU.tga,ET 2000 snapshot; manual verification pending
MWI,yes,Malawi,Malawian,4040,nyasa,,catholic,presidential_republic,unitary,multiparty,2,Independent or nonpartisan,Bakili Muluzi,1943.3.17,Bakili Muluzi,1,2,2,modern_sub_saharan_african,sub_saharan,africangfx,59,50,99,et:countries/Malawi.txt,et:gfx/flags/MWI.tga,ET 2000 snapshot; manual verification pending
MZM,yes,Mozambique,Mozambican,1182,bantu,,catholic,presidential_republic,unitary,multiparty,2,Independent or nonpartisan,Joaquim Chissano,1939.10.22,Joaquim Chissano,5,4,1,modern_sub_saharan_african,sub_saharan,africangfx,129,180,39,et:countries/Mozambique.txt,et:gfx/flags/MZM.tga,ET 2000 snapshot; manual verification pending
NAU,yes,Nauru,Nauruan,1992,micronesian,,protestant,presidential_republic,unitary,multiparty,2,Independent or nonpartisan,René Harris,1947.11.11,René Harris,2,4,3,modern_oceanian,polynesian_tech,westerngfx,29,17,162,et:countries/Nauru.txt,et:gfx/flags/NAU.tga,ET 2000 snapshot; manual verification pending
NCR,yes,Nicaragua,Nicaraguan,2660,mexican,,catholic,presidential_republic,unitary,multiparty,2,Independent or nonpartisan,Arnoldo Alemán,1946.1.23,Arnoldo Alemán,4,2,2,modern_latin_american,south_american,westerngfx,174,40,202,et:countries/Nicaragua.txt,et:gfx/flags/NCR.tga,ET 2000 snapshot; manual verification pending
NED,yes,Netherlands,Dutch,97,dutch,,reformed,parliamentary_monarchy,unitary,multiparty,2,Labour Party,Wim Kok,1938.9.29,Beatrix I,5,4,2,modern_western,western,westerngfx,220,138,57,base:countries/Netherlands.txt,et:gfx/flags/NED.tga,Priority-region executive manually audited for 2000.1.1
NGR,yes,Niger,Nigerien,1142,hausa,,sunni,presidential_republic,federal,multiparty,2,Independent or nonpartisan,Mamadou Tandja,1938.1.1,Mamadou Tandja,5,3,4,modern_sub_saharan_african,sub_saharan,africangfx,149,117,22,et:countries/Niger.txt,et:gfx/flags/NGR.tga,ET 2000 snapshot; manual verification pending
NIG,yes,Nigeria,Nigerian,1153,hausa,,sunni,presidential_republic,unitary,multiparty,2,Independent or nonpartisan,Olusegun Obansajo,1937.3.5,Olusegun Obansajo,3,2,4,modern_sub_saharan_african,sub_saharan,africangfx,49,217,122,et:countries/Nigeria.txt,et:gfx/flags/NIG.tga,ET 2000 snapshot; manual verification pending
NMB,yes,Namibia,Namibian,1173,herero,,protestant,presidential_republic,unitary,multiparty,2,Independent or nonpartisan,Sam Nujoma,1929.5.12,Sam Nujoma,4,3,3,modern_sub_saharan_african,sub_saharan,africangfx,129,129,29,et:countries/Namibia.txt,et:gfx/flags/NMB.tga,ET 2000 snapshot; manual verification pending
NOK,yes,North Korea,North Korean,1845,korean,,confucianism,one_party_state,unitary,single_party,2,Independent or nonpartisan,Kim Jong-il,1942.2.16,Kim Jong-il,2,2,5,modern_east_asian,chinese,asiangfx,74,196,123,et:countries/NorthKorea.txt,et:gfx/flags/NOK.tga,ET 2000 snapshot; manual verification pending
NOR,yes,Norway,Norwegian,17,norwegian,,protestant,parliamentary_monarchy,unitary,multiparty,2,Christian Democratic Party,Kjell Magne Bondevik,1947.9.3,Harald V,4,4,2,modern_western,western,westerngfx,117,165,188,base:countries/Norway.txt,et:gfx/flags/NOR.tga,Priority-region executive manually audited for 2000.1.1
NPL,yes,Nepal,Nepalese,557,nepali,,hinduism,parliamentary_republic,unitary,multiparty,2,Nepali Congress,Krishna Prasad Bhattarai,1924.12.13,Birendra,3,3,2,modern_south_asian,indian,asiangfx,215,12,64,base:countries/Nepal.txt,et:gfx/flags/NPL.tga,Priority-region executive manually audited for 2000.1.1
NZL,yes,New Zealand,New Zealander,1107,british_oceanian,,protestant,parliamentary_republic,unitary,multiparty,2,Independent or nonpartisan,Helen Clark,1950.2.26,Helen Clark,3,4,2,modern_western,western,westerngfx,152,130,191,base:countries/Zealandia.txt,et:gfx/flags/NZL.tga,ET 2000 snapshot; manual verification pending
OMA,yes,Oman,Omani,400,omani_culture,,ibadi,absolute_monarchy,unitary,nonpartisan,2,Independent or nonpartisan,Qaboos,1940.11.18,Qaboos,3,5,3,modern_middle_eastern_north_african,muslim,muslimgfx,98,134,153,base:countries/Oman.txt,base:gfx/flags/OMA.tga,ET 2000 snapshot; manual verification pending
PAK,yes,Pakistan,Pakistani,2077,panjabi,,sunni,military_government,federal,closed_authoritarian,2,Independent or nonpartisan,Muhammad Rafiq Tarar,1929.11.2,Muhammad Rafiq Tarar,4,2,1,modern_south_asian,indian,muslimgfx,10,135,92,et:countries/Pakistan.txt,et:gfx/flags/PAK.tga,ET 2000 snapshot; manual verification pending
PEU,yes,Peru,Peruvian,809,iberian_peruvian,,catholic,presidential_republic,unitary,multiparty,2,Independent or nonpartisan,Alberto Fujimori,1938.7.28,Alberto Fujimori,3,3,4,modern_latin_american,south_american,westerngfx,124,140,162,base:countries/Peru.txt,base:gfx/flags/PEU.tga,ET 2000 snapshot; manual verification pending
PHI,yes,Philippines,Filipino,656,filipino,,catholic,presidential_republic,unitary,multiparty,2,Independent or nonpartisan,Jospeh Estrada,1937.4.19,Jospeh Estrada,4,4,1,modern_southeast_asian,chinese,westerngfx,220,116,197,et:countries/Philippines.txt,et:gfx/flags/PHI.tga,ET 2000 snapshot; manual verification pending
PLS,yes,Palestine,Palestinian,379,palestinian,,sunni,presidential_republic,unitary,multiparty,2,Independent or nonpartisan,Yasser Arafat,1929.8.24,Yasser Arafat,2,4,3,modern_middle_eastern_north_african,muslim,muslimgfx,50,200,160,et:countries/Palestine.txt,et:gfx/flags/PLS.tga,ET 2000 snapshot; manual verification pending
PLU,yes,Palau,Palauan,1996,micronesian,,protestant,presidential_republic,unitary,multiparty,2,Independent or nonpartisan,Kuniwo Nakamura,1943.11.24,Kuniwo Nakamura,4,3,1,modern_oceanian,polynesian_tech,westerngfx,89,217,212,et:countries/Palau.txt,et:gfx/flags/PLU.tga,ET 2000 snapshot; manual verification pending
PNG,yes,Papua New Guinea,Papua New Guinean,1237,papuan,,protestant,presidential_republic,unitary,multiparty,2,Independent or nonpartisan,Mekere Morauta,1946.6.12,Mekere Morauta,4,3,3,modern_oceanian,polynesian_tech,westerngfx,129,37,28,et:countries/PapuaNewGuinea.txt,et:gfx/flags/PNG.tga,ET 2000 snapshot; manual verification pending
PNM,yes,Panama,Panamanian,835,iberian_colombian,,catholic,presidential_republic,unitary,multiparty,2,Independent or nonpartisan,Mireya Moscoso,1946.7.1,Mireya Moscoso,4,4,2,modern_latin_american,south_american,westerngfx,144,140,92,et:countries/Panama.txt,et:gfx/flags/PNM.tga,ET 2000 snapshot; manual verification pending
POL,yes,Poland,Polish,257,polish,,catholic,semi_presidential_republic,unitary,multiparty,2,Solidarity Electoral Action,Jerzy Buzek,1940.7.3,Aleksander Kwasniewski,4,4,2,modern_western,western,easterngfx,197,92,106,base:countries/Poland.txt,et:gfx/flags/POL.tga,Priority-region executive manually audited for 2000.1.1
POR,yes,Portugal,Portuguese,227,portugese,,catholic,semi_presidential_republic,unitary,multiparty,2,Socialist Party,Antonio Guterres,1949.4.30,Jorge Sampaio,5,4,2,modern_western,western,westerngfx,40,110,140,base:countries/Portugal.txt,et:gfx/flags/POR.tga,Priority-region executive manually audited for 2000.1.1
PRG,yes,Paraguay,Paraguayan,775,guarani,,catholic,presidential_republic,unitary,multiparty,2,Independent or nonpartisan,Luis Ángel González,1947.12.13,Luis Ángel González,3,5,3,modern_western,western,westerngfx,75,188,60,base:countries/Paraguay.txt,base:gfx/flags/PRG.tga,ET 2000 snapshot; manual verification pending
QTR,yes,Qatar,Qatari,395,gulf_arabic,,sunni,absolute_monarchy,unitary,nonpartisan,1,Independent or nonpartisan,Hamad bin Khalifa,1952.1.1,Hamad bin Khalifa,4,3,4,modern_middle_eastern_north_african,muslim,muslimgfx,130,100,30,et:countries/Qatar.txt,et:gfx/flags/QTR.tga,ET 2000 snapshot; manual verification pending
RMN,yes,Romania,Romanian,161,romanian,,orthodox,semi_presidential_republic,unitary,multiparty,2,Independent,Mugur Isarescu,1949.8.1,Emil Constantinescu,5,3,2,modern_western,western,easterngfx,21,96,178,base:countries/Romania.txt,base:gfx/flags/RMN.tga,Priority-region executive manually audited for 2000.1.1
RSA,yes,South Africa,South African,4781,nguni,,reformed,parliamentary_republic,unitary,multiparty,2,Independent or nonpartisan,Thabo Mvuyelwa Mbeki,1942.6.18,Thabo Mvuyelwa Mbeki,4,4,2,modern_sub_saharan_african,sub_saharan,westerngfx,199,124,69,et:countries/SouthAfrica.txt,et:gfx/flags/RSA.tga,ET 2000 snapshot; manual verification pending
RUS,yes,Russia,Russian,295,russian,,orthodox,semi_presidential_republic,federal,multiparty,3,Independent,Vladimir Putin,1952.10.7,Vladimir Putin,5,4,4,modern_post_soviet,eastern,easterngfx,96,131,80,base:countries/Russia.txt,et:gfx/flags/RUS.tga,Priority-region executive manually audited for 2000.1.1
RWA,yes,Rwanda,Rwandan,4067,rwandan,,catholic,presidential_republic,unitary,closed_authoritarian,2,Independent or nonpartisan,Pasteur Bizimungu,1950.4.1,Pasteur Bizimungu,4,2,2,modern_sub_saharan_african,sub_saharan,africangfx,213,160,18,base:countries/Rwanda.txt,base:gfx/flags/RWA.tga,ET 2000 snapshot; manual verification pending
SAM,yes,Samoa,Samoan,1243,polynesian,,animism,presidential_republic,unitary,multiparty,2,Independent or nonpartisan,Malietoa Tanumafili II,1913.1.4,Malietoa Tanumafili II,4,4,3,modern_oceanian,polynesian_tech,polynesiangfx,100,55,55,base:countries/Samoa.txt,base:gfx/flags/SAM.tga,ET 2000 snapshot; manual verification pending
SAU,yes,Saudi Arabia,Saudi Arabian,392,bedouin_arabic,,sunni,absolute_monarchy,unitary,nonpartisan,2,Independent or nonpartisan,Fahd,1921.3.16,Fahd,3,4,4,modern_middle_eastern_north_african,muslim,muslimgfx,0,128,53,et:countries/SaudiArabia.txt,et:gfx/flags/SAU.tga,ET 2000 snapshot; manual verification pending
SER,no,Serbia,Serbian,4239,serbian,,orthodox,presidential_republic,unitary,multiparty,2,Dormant successor,,,,4,1,2,modern_western,western,easterngfx,166,72,57,base:countries/Serbia.txt,et:gfx/flags/SER.tga,Dormant historical successor; leadership assigned by formation event
SEY,yes,Seychelles,Seychellois,1100,cosmopolitan_french,,protestant,presidential_republic,unitary,multiparty,2,Independent or nonpartisan,France-Albert René,1934.11.16,France-Albert René,4,2,3,modern_sub_saharan_african,sub_saharan,westerngfx,69,217,148,et:countries/Seychelles.txt,et:gfx/flags/SEY.tga,ET 2000 snapshot; manual verification pending
SGA,yes,Singapore,Singaporean,4815,chimin,,hinduism,presidential_republic,unitary,dominant_party,2,Independent or nonpartisan,Sellapan Ramanathan,1924.7.3,Sellapan Ramanathan,4,3,3,modern_southeast_asian,chinese,asiangfx,220,86,17,et:countries/Singapore.txt,et:gfx/flags/SGA.tga,ET 2000 snapshot; manual verification pending
SGL,yes,Senegal,Senegalese,1113,senegambian,,sunni,semi_presidential_republic,unitary,multiparty,2,Independent or nonpartisan,Abdou Diouf,1935.9.7,Abdou Diouf,6,2,2,modern_sub_saharan_african,sub_saharan,muslimgfx,169,217,48,et:countries/Senegal.txt,et:gfx/flags/SGL.tga,ET 2000 snapshot; manual verification pending
SIA,yes,Thailand,Thai,4831,central_thai,,buddhism,parliamentary_monarchy,unitary,multiparty,2,Democrat Party,Chuan Leekpai,1938.7.28,Bhumibol Adulyadej,4,4,2,modern_southeast_asian,chinese,asiangfx,89,194,221,base:countries/Siam.txt,et:gfx/flags/SIA.tga,Priority-region executive manually audited for 2000.1.1
SKN,yes,St. Kitts and Nevis,Kittitian,495,british_caribbean,,protestant,presidential_republic,federal,multiparty,2,Independent or nonpartisan,Denzil Douglas,1953.1.14,Denzil Douglas,3,5,3,modern_latin_american,south_american,westerngfx,189,74,169,et:countries/StKittsNevis.txt,et:gfx/flags/SKN.tga,ET 2000 snapshot; manual verification pending
SKO,yes,South Korea,South Korean,735,korean,,confucianism,presidential_republic,unitary,multiparty,2,Independent or nonpartisan,Kim Dae-jung,1924.1.6,Kim Dae-jung,4,4,2,modern_east_asian,chinese,asiangfx,20,132,232,et:countries/SouthKorea.txt,et:gfx/flags/SKO.tga,ET 2000 snapshot; manual verification pending
SLM,yes,Solomon Islands,Solomon Islander,1238,melanesian,,protestant,presidential_republic,unitary,multiparty,2,Independent or nonpartisan,Bartholomew Ulufa'alu,1950.12.25,Bartholomew Ulufa'alu,4,2,4,modern_oceanian,polynesian_tech,westerngfx,129,137,222,et:countries/SolomonIslands.txt,et:gfx/flags/SLM.tga,ET 2000 snapshot; manual verification pending
SLU,yes,St. Lucia,St. Lucian,500,british_caribbean,,protestant,presidential_republic,unitary,multiparty,2,Independent or nonpartisan,Kenny Anthony,1951.1.8,Kenny Anthony,5,3,2,modern_latin_american,south_american,westerngfx,109,124,229,et:countries/StLucia.txt,et:gfx/flags/SLU.tga,ET 2000 snapshot; manual verification pending
SOM,yes,Somalia,Somali,1205,somali,,sunni,transitional_government,unitary,closed_authoritarian,2,Transitional authorities,Interim National Administration,1950.1.1,(vacant),1,1,2,modern_sub_saharan_african,sub_saharan,africangfx,54,145,171,base:countries/Somalia.txt,et:gfx/flags/SOM.tga,Priority-region executive manually audited for 2000.1.1
SPA,yes,Spain,Spanish,217,castillian,,catholic,parliamentary_monarchy,unitary,multiparty,2,People's Party,Jose Maria Aznar,1953.2.25,Juan Carlos I,4,4,2,modern_western,western,westerngfx,231,181,12,base:countries/Spain.txt,et:gfx/flags/SPA.tga,Priority-region executive manually audited for 2000.1.1
SRA,yes,Sierra Leone,Sierra Leonean,1118,senegambian,,sunni,presidential_republic,unitary,multiparty,2,Independent or nonpartisan,Ahmad Tejan Kabbah,1932.2.16,Ahmad Tejan Kabbah,4,4,2,modern_sub_saharan_african,sub_saharan,africangfx,169,197,148,et:countries/SierraLeone.txt,et:gfx/flags/SRA.tga,ET 2000 snapshot; manual verification pending
SRL,yes,Sri Lanka,Sri Lankan,572,sinhala,,buddhism,presidential_republic,unitary,multiparty,2,Independent or nonpartisan,Chandrika Kumaratunga,1944.6.29,Chandrika Kumaratunga,2,5,3,modern_south_asian,indian,indiangfx,80,143,95,et:countries/SriLanka.txt,et:gfx/flags/SRL.tga,ET 2000 snapshot; manual verification pending
SRN,yes,Suriname,Surinamese,745,germanic_colombian,,reformed,presidential_republic,unitary,multiparty,2,Independent or nonpartisan,Jules Wijdenbosch,1942.5.2,Jules Wijdenbosch,4,2,4,modern_latin_american,south_american,westerngfx,194,180,112,et:countries/Suriname.txt,et:gfx/flags/SRN.tga,ET 2000 snapshot; manual verification pending
SSU,no,South Sudan,South Sudanese,1227,nubian,,coptic,presidential_republic,unitary,multiparty,2,Dormant successor,,,,3,3,3,modern_sub_saharan_african,sub_saharan,africangfx,184,130,52,et:countries/SouthSudan.txt,et:gfx/flags/SSU.tga,Dormant historical successor; leadership assigned by formation event
STP,yes,Sao Tome and Principe,Sao Tomean,1306,portugese,,catholic,presidential_republic,unitary,multiparty,2,Independent or nonpartisan,Miguel Trovoada,1936.12.27,Miguel Trovoada,1,4,1,modern_sub_saharan_african,sub_saharan,westerngfx,29,190,119,et:countries/SaoTomeAndPrincipe.txt,et:gfx/flags/STP.tga,ET 2000 snapshot; manual verification pending
SUD,yes,Sudan,Sudanese,2798,sudanese,,sunni,military_government,unitary,closed_authoritarian,2,Independent or nonpartisan,Omar al-Bashir,1944.1.1,Omar al-Bashir,4,3,4,modern_middle_eastern_north_african,muslim,africangfx,84,180,152,et:countries/Sudan.txt,et:gfx/flags/SUD.tga,ET 2000 snapshot; manual verification pending
SVG,yes,St. Vincent and the Grenadines,Vincentian,3057,british_caribbean,,protestant,presidential_republic,unitary,multiparty,2,Independent or nonpartisan,James Fitz-Allen Mitchell,1931.5.15,James Fitz-Allen Mitchell,2,6,2,modern_latin_american,south_american,westerngfx,129,174,159,et:countries/StVincentGrenadines.txt,et:gfx/flags/SVG.tga,ET 2000 snapshot; manual verification pending
SVK,yes,Slovakia,Slovakian,1772,slovak,,catholic,parliamentary_republic,unitary,multiparty,2,Slovak Democratic Coalition,Mikulas Dzurinda,1955.2.4,Rudolf Schuster,4,4,2,modern_western,western,easterngfx,34,131,193,et:countries/Slovakia.txt,et:gfx/flags/SVK.tga,Priority-region executive manually audited for 2000.1.1
SVN,yes,Slovenia,Slovenian,1769,slovene,,catholic,parliamentary_republic,unitary,multiparty,2,Liberal Democracy of Slovenia,Janez Drnovsek,1950.5.17,Milan Kucan,4,4,2,modern_western,western,easterngfx,106,12,187,et:countries/Slovenia.txt,et:gfx/flags/SVN.tga,Priority-region executive manually audited for 2000.1.1
SWE,yes,Sweden,Swedish,1,swedish,finnish|estonian,protestant,parliamentary_monarchy,unitary,multiparty,2,Social Democratic Party,Goran Persson,1949.1.20,Carl XVI Gustaf,4,4,2,modern_western,western,westerngfx,8,82,165,base:countries/Sweden.txt,et:gfx/flags/SWE.tga,Priority-region executive manually audited for 2000.1.1
SWI,yes,Switzerland,Swiss,165,swiss,,reformed,parliamentary_republic,federal,multiparty,2,Swiss People's Party,Adolf Ogi,1942.7.18,Adolf Ogi,4,4,2,modern_western,western,westerngfx,153,122,108,base:countries/Schweiz.txt,et:gfx/flags/SWI.tga,Priority-region executive manually audited for 2000.1.1
SWZ,yes,Swaziland,Swazi,4783,nguni,,protestant,absolute_monarchy,unitary,nonpartisan,2,Independent or nonpartisan,Mswati III,1968.4.19,Mswati III,4,3,3,modern_sub_saharan_african,sub_saharan,africangfx,149,109,189,et:countries/Swaziland.txt,et:gfx/flags/SWZ.tga,ET 2000 snapshot; manual verification pending
SYR,yes,Syria,Syrian,382,al_suryah_arabic,,shiite,presidential_republic,unitary,closed_authoritarian,2,Independent or nonpartisan,Hafez al-Assad,1930.10.6,Hafez al-Assad,4,1,5,modern_middle_eastern_north_african,muslim,muslimgfx,125,110,225,base:countries/Syria.txt,base:gfx/flags/SYR.tga,ET 2000 snapshot; manual verification pending
TGO,yes,Togo,Togolese,3007,yorumba,,shamanism,presidential_republic,unitary,closed_authoritarian,2,Independent or nonpartisan,Étienne Eyadéma,1935.12.26,Étienne Eyadéma,4,2,4,modern_sub_saharan_african,sub_saharan,africangfx,99,17,122,et:countries/Togo.txt,et:gfx/flags/TGO.tga,ET 2000 snapshot; manual verification pending
TJK,yes,Tajikistan,Tajikistani,1968,tajik,,sunni,presidential_republic,unitary,closed_authoritarian,2,Independent or nonpartisan,Emomali Rahmon,1952.10.5,Emomali Rahmon,4,2,4,modern_post_soviet,eastern,muslimgfx,96,104,49,et:countries/Tajikistan.txt,et:gfx/flags/TJK.tga,ET 2000 snapshot; manual verification pending
TKY,yes,Turkey,Turkish,326,turkish,,sunni,presidential_republic,unitary,multiparty,2,Democratic Left Party,Bulent Ecevit,1925.5.28,Süleyman Demirel,4,4,3,modern_middle_eastern_north_african,muslim,muslimgfx,166,203,80,et:countries/Turkey.txt,et:gfx/flags/TKY.tga,Priority-region executive manually audited for 2000.1.1
TNZ,yes,Tanzania,Tanzanian,4058,takama,,catholic,presidential_republic,unitary,multiparty,2,Independent or nonpartisan,Benjamin Mkapa,1938.11.12,Benjamin Mkapa,5,3,2,modern_sub_saharan_african,sub_saharan,africangfx,111,181,185,et:countries/Tanzania.txt,et:gfx/flags/TNZ.tga,ET 2000 snapshot; manual verification pending
TOG,yes,Tonga,Tongan,1989,polynesian,,protestant,presidential_republic,unitary,multiparty,2,Independent or nonpartisan,Taufa'ahau IV,1918.7.4,Taufa'ahau IV,4,4,3,modern_oceanian,polynesian_tech,polynesiangfx,225,200,95,base:countries/Tonga.txt,base:gfx/flags/TOG.tga,ET 2000 snapshot; manual verification pending
TRK,yes,Turkmenistan,Turkmen,437,turkmeni,,sunni,presidential_republic,unitary,closed_authoritarian,2,Independent or nonpartisan,Saparmurat Niyazov,1940.2.19,Saparmurat Niyazov,4,4,2,modern_post_soviet,eastern,muslimgfx,66,155,75,et:countries/Turkmenistan.txt,et:gfx/flags/TRK.tga,ET 2000 snapshot; manual verification pending
TRN,yes,Trinidad and Tobago,Trinidadian,502,british_caribbean,,protestant,presidential_republic,unitary,multiparty,2,Independent or nonpartisan,Arthur Robinson,1926.12.16,Arthur Robinson,3,4,3,modern_western,western,westerngfx,169,44,69,et:countries/TrinidadTobago.txt,et:gfx/flags/TRN.tga,ET 2000 snapshot; manual verification pending
TUN,yes,Tunisia,Tunisian,341,tunisian,,sunni,presidential_republic,unitary,closed_authoritarian,2,Independent or nonpartisan,Zine El Abidine Ben Ali,1936.9.3,Zine El Abidine Ben Ali,1,1,3,modern_middle_eastern_north_african,muslim,muslimgfx,146,134,57,base:countries/Tunisia.txt,et:gfx/flags/TUN.tga,ET 2000 snapshot; manual verification pending
TVL,yes,Tuvalu,Tuvaluan,1990,polynesian,,reformed,presidential_republic,unitary,multiparty,2,Independent or nonpartisan,Ionatana Ionatana,1938.11.5,Ionatana Ionatana,2,5,2,modern_oceanian,polynesian_tech,westerngfx,89,147,192,et:countries/Tuvalu.txt,et:gfx/flags/TVL.tga,ET 2000 snapshot; manual verification pending
UAE,yes,United Arab Emirates,Emirati,2333,gulf_arabic,,sunni,absolute_monarchy,federal,nonpartisan,2,Independent or nonpartisan,Zayed bin Sultan Al Nahyan,1918.5.6,Zayed bin Sultan Al Nahyan,4,4,1,modern_middle_eastern_north_african,muslim,muslimgfx,140,20,170,et:countries/UnitedArabEmirates.txt,et:gfx/flags/UAE.tga,ET 2000 snapshot; manual verification pending
UGA,yes,Uganda,Ugandan,4064,ganda,,catholic,presidential_republic,unitary,closed_authoritarian,2,Independent or nonpartisan,Yoweri Kaguta Museveni,1944.9.15,Yoweri Kaguta Museveni,6,2,1,modern_sub_saharan_african,sub_saharan,africangfx,151,141,55,et:countries/Uganda.txt,et:gfx/flags/UGA.tga,ET 2000 snapshot; manual verification pending
UKR,yes,Ukraine,Ukrainian,280,ruthenian,,orthodox,semi_presidential_republic,unitary,multiparty,2,Independent,Leonid Kuchma,1938.8.9,Leonid Kuchma,4,3,3,modern_post_soviet,eastern,easterngfx,124,183,151,base:countries/Ukraine.txt,base:gfx/flags/UKR.tga,Priority-region executive manually audited for 2000.1.1
URU,yes,Uruguay,Uruguayan,2850,iberian_la_platan,,catholic,presidential_republic,unitary,multiparty,2,Independent or nonpartisan,Julio María Sanguinetti,1936.1.6,Julio María Sanguinetti,4,4,3,modern_latin_american,south_american,westerngfx,95,188,250,et:countries/Uruguay.txt,et:gfx/flags/URU.tga,ET 2000 snapshot; manual verification pending
USA,yes,United States,American,953,american,,protestant,presidential_republic,federal,multiparty,3,Democratic Party,Bill Clinton,1946.8.19,Bill Clinton,5,5,3,modern_western,western,westerngfx,69,157,208,base:countries/USA.txt,base:gfx/flags/USA.tga,Priority-region executive manually audited for 2000.1.1
UZB,yes,Uzbekistan,Uzbek,457,uzbehk,,sunni,presidential_republic,unitary,closed_authoritarian,2,Independent or nonpartisan,Islam Karimov,1938.1.30,Islam Karimov,5,2,3,modern_post_soviet,eastern,muslimgfx,151,98,224,et:countries/Uzbekistan.txt,et:gfx/flags/UZB.tga,ET 2000 snapshot; manual verification pending
VIT,yes,Fiji,Fijian,1242,polynesian,,protestant,presidential_republic,unitary,multiparty,2,Independent or nonpartisan,Kamisese Mara,1929.11.8,Kamisese Mara,5,2,4,modern_oceanian,polynesian_tech,polynesiangfx,130,180,215,base:countries/Viti.txt,base:gfx/flags/VIT.tga,ET 2000 snapshot; manual verification pending
VNU,yes,Vanuatu,Ni-Vanuatu,1239,melanesian,,catholic,presidential_republic,unitary,multiparty,2,Independent or nonpartisan,John Bani,1941.7.1,John Bani,4,4,3,modern_oceanian,polynesian_tech,westerngfx,129,137,122,et:countries/Vanuatu.txt,et:gfx/flags/VNU.tga,ET 2000 snapshot; manual verification pending
VNZ,yes,Venezuela,Venezuelan,831,iberian_colombian,,catholic,presidential_republic,federal,multiparty,2,Independent or nonpartisan,Hugo Chávez Frías,1954.7.28,Hugo Chávez Frías,2,1,4,modern_latin_american,south_american,westerngfx,213,82,109,base:countries/Venezuela.txt,base:gfx/flags/VNZ.tga,ET 2000 snapshot; manual verification pending
VTN,yes,Vietnam,Vietnamese,613,vietnamese,,mahayana,one_party_state,unitary,single_party,2,Independent or nonpartisan,Tran Duc Luong,1937.5.5,Tran Duc Luong,3,4,1,modern_southeast_asian,chinese,asiangfx,170,187,40,et:countries/Vietnam.txt,et:gfx/flags/VTN.tga,ET 2000 snapshot; manual verification pending
YEM,yes,Yemen,Yemeni,4280,yemeni_culture,,sunni,presidential_republic,unitary,multiparty,2,Independent or nonpartisan,Ali Abdullah Saleh,1947.3.21,Ali Abdullah Saleh,5,3,3,modern_middle_eastern_north_african,muslim,muslimgfx,106,38,44,base:countries/Yemen.txt,base:gfx/flags/YEM.tga,ET 2000 snapshot; manual verification pending
YUG,yes,Yugoslavia,Yugoslavian,4239,serbian,slovene|croatian|bosnian|macedonian,orthodox,presidential_republic,federal,closed_authoritarian,2,Socialist Party of Serbia,Slobodan Milosevic,1941.8.20,Slobodan Milosevic,4,3,4,modern_western,western,easterngfx,162,52,199,et:countries/Yugoslavia.txt,et:gfx/flags/YUG.tga,Priority-region executive manually audited for 2000.1.1
ZAM,yes,Zambia,Zambian,1189,bemba,,catholic,presidential_republic,unitary,multiparty,2,Independent or nonpartisan,Frederick Chiluba,1943.4.30,Frederick Chiluba,5,3,1,modern_sub_saharan_african,sub_saharan,africangfx,29,180,129,et:countries/Zambia.txt,et:gfx/flags/ZAM.tga,ET 2000 snapshot; manual verification pending
